1,de,of, , ,, ,, ,, ,, ,, ,, ,, ,,, ,,,,,, ,,,, ,00:0000:0000:00  jQuery(document).ready(function($) { ,$('#wp_mep_100').mediaelementplayer({ ,,m:1 ,, ,,",features: ['playpause','current','progress','duration','volume','tracks','fullscreen'] ",,",audioWidth:250,audioHeight:30 ",}); });
2,que,that, , ,, ,, ,, ,, ,, ,, ,, ,,, ,,,,,, ,,,, ,00:0000:0000:00  jQuery(document).ready(function($) { ,$('#wp_mep_99').mediaelementplayer({ ,,m:1 ,, ,,",features: ['playpause','current','progress','duration','volume','tracks','fullscreen'] ",,",audioWidth:250,audioHeight:30 ",}); });
3,no,not, , ,, ,, ,, ,, ,, ,, ,, ,,, ,,,,,, ,,,, ,00:0000:0000:00  jQuery(document).ready(function($) { ,$('#wp_mep_98').mediaelementplayer({ ,,m:1 ,, ,,",features: ['playpause','current','progress','duration','volume','tracks','fullscreen'] ",,",audioWidth:250,audioHeight:30 ",}); });
4,a,to, , ,, ,, ,, ,, ,, ,, ,, ,,, ,,,,,, ,,,, ,00:0000:0000:00  jQuery(document).ready(function($) { ,$('#wp_mep_97').mediaelementplayer({ ,,m:1 ,, ,,",features: ['playpause','current','progress','duration','volume','tracks','fullscreen'] ",,",audioWidth:250,audioHeight:30 ",}); });
5,la,the, , ,, ,, ,, ,, ,, ,, ,, ,,, ,,,,,, ,,,, ,00:0000:0000:00  jQuery(document).ready(function($) { ,$('#wp_mep_96').mediaelementplayer({ ,,m:1 ,, ,,",features: ['playpause','current','progress','duration','volume','tracks','fullscreen'] ",,",audioWidth:250,audioHeight:30 ",}); });
6,el,the, , ,, ,, ,, ,, ,, ,, ,, ,,, ,,,,,, ,,,, ,00:0000:0000:00  jQuery(document).ready(function($) { ,$('#wp_mep_95').mediaelementplayer({ ,,m:1 ,, ,,",features: ['playpause','current','progress','duration','volume','tracks','fullscreen'] ",,",audioWidth:250,audioHeight:30 ",}); });
7,y,and, , ,, ,, ,, ,, ,, ,, ,, ,,, ,,,,,, ,,,, ,00:0000:0000:00  jQuery(document).ready(function($) { ,$('#wp_mep_94').mediaelementplayer({ ,,m:1 ,, ,,",features: ['playpause','current','progress','duration','volume','tracks','fullscreen'] ",,",audioWidth:250,audioHeight:30 ",}); });
8,es,this is, , ,, ,, ,, ,, ,, ,, ,, ,,, ,,,,,, ,,,, ,00:0000:0000:00  jQuery(document).ready(function($) { ,$('#wp_mep_93').mediaelementplayer({ ,,m:1 ,, ,,",features: ['playpause','current','progress','duration','volume','tracks','fullscreen'] ",,",audioWidth:250,audioHeight:30 ",}); });
9,en,in, , ,, ,, ,, ,, ,, ,, ,, ,,, ,,,,,, ,,,, ,00:0000:0000:00  jQuery(document).ready(function($) { ,$('#wp_mep_92').mediaelementplayer({ ,,m:1 ,, ,,",features: ['playpause','current','progress','duration','volume','tracks','fullscreen'] ",,",audioWidth:250,audioHeight:30 ",}); });
10,lo,it, , ,, ,, ,, ,, ,, ,, ,, ,,, ,,,,,, ,,,, ,00:0000:0000:00  jQuery(document).ready(function($) { ,$('#wp_mep_91').mediaelementplayer({ ,,m:1 ,, ,,",features: ['playpause','current','progress','duration','volume','tracks','fullscreen'] ",,",audioWidth:250,audioHeight:30 ",}); });
11,un,a, , ,, ,, ,, ,, ,, ,, ,, ,,, ,,,,,, ,,,, ,00:0000:0000:00  jQuery(document).ready(function($) { ,$('#wp_mep_90').mediaelementplayer({ ,,m:1 ,, ,,",features: ['playpause','current','progress','duration','volume','tracks','fullscreen'] ",,",audioWidth:250,audioHeight:30 ",}); });
12,que,what, , ,, ,, ,, ,, ,, ,, ,, ,,, ,,,,,, ,,,, ,00:0000:0000:00  jQuery(document).ready(function($) { ,$('#wp_mep_99').mediaelementplayer({ ,,m:1 ,, ,,",features: ['playpause','current','progress','duration','volume','tracks','fullscreen'] ",,",audioWidth:250",
13,por,by, , ,, ,, ,, ,, ,, ,, ,, ,,, ,,,,,, ,,,, ,00:0000:0000:00  jQuery(document).ready(function($) { ,$('#wp_mep_88').mediaelementplayer({ ,,m:1 ,, ,,",features: ['playpause','current','progress','duration','volume','tracks','fullscreen'] ",,",audioWidth:250,audioHeight:30 ",}); });
14,me,me, , ,, ,, ,, ,, ,, ,, ,, ,,, ,,,,,, ,,,, ,00:0000:0000:00  jQuery(document).ready(function($) { ,$('#wp_mep_87').mediaelementplayer({ ,,m:1 ,, ,,",features: ['playpause','current','progress','duration','volume','tracks','fullscreen'] ",,",audioWidth:250,audioHeight:30 ",}); });
15,una,a, , ,, ,, ,, ,, ,, ,, ,, ,,, ,,,,,, ,,,, ,00:0000:0000:00  jQuery(document).ready(function($) { ,$('#wp_mep_86').mediaelementplayer({ ,,m:1 ,, ,,",features: ['playpause','current','progress','duration','volume','tracks','fullscreen'] ",,",audioWidth:250,audioHeight:30 ",}); });
16,te,you, , ,, ,, ,, ,, ,, ,, ,, ,,, ,,,,,, ,,,, ,00:0000:0000:00  jQuery(document).ready(function($) { ,$('#wp_mep_85').mediaelementplayer({ ,,m:1 ,, ,,",features: ['playpause','current','progress','duration','volume','tracks','fullscreen'] ",,",audioWidth:250,audioHeight:30 ",}); });
17,se,is, , ,, ,, ,, ,, ,, ,, ,, ,,, ,,,,,, ,,,, ,00:0000:0000:00  jQuery(document).ready(function($) { ,$('#wp_mep_84').mediaelementplayer({ ,,m:1 ,, ,,",features: ['playpause','current','progress','duration','volume','tracks','fullscreen'] ",,",audioWidth:250,audioHeight:30 ",}); });
18,los,the, , ,, ,, ,, ,, ,, ,, ,, ,,, ,,,,,, ,,,, ,00:0000:0000:00  jQuery(document).ready(function($) { ,$('#wp_mep_83').mediaelementplayer({ ,,m:1 ,, ,,",features: ['playpause','current','progress','duration','volume','tracks','fullscreen'] ",,",audioWidth:250,audioHeight:30 ",}); });
19,con,with, , ,, ,, ,, ,, ,, ,, ,, ,,, ,,,,,, ,,,, ,00:0000:0000:00  jQuery(document).ready(function($) { ,$('#wp_mep_82').mediaelementplayer({ ,,m:1 ,, ,,",features: ['playpause','current','progress','duration','volume','tracks','fullscreen'] ",,",audioWidth:250,audioHeight:30 ",}); });
20,para,to, , ,, ,, ,, ,, ,, ,, ,, ,,, ,,,,,, ,,,, ,00:0000:0000:00  jQuery(document).ready(function($) { ,$('#wp_mep_81').mediaelementplayer({ ,,m:1 ,, ,,",features: ['playpause','current','progress','duration','volume','tracks','fullscreen'] ",,",audioWidth:250,audioHeight:30 ",}); });
21,mi,my, ,, ,,, ,, ,, ,, ,, ,, ,,, ,,,,,, ,,,, ,00:0000:0000:00  jQuery(document).ready(function($) { ,$('#wp_mep_80').mediaelementplayer({ ,,m:1 ,, ,,",features: ['playpause','current','progress','duration','volume','tracks','fullscreen'] ",,",audioWidth:250,audioHeight:30 ",}); });
22,estar,is,, ,, , ,, ,, ,, ,, ,, ,,, ,,,,,, ,,,, ,00:0000:0000:00  jQuery(document).ready(function($) { ,$('#wp_mep_79').mediaelementplayer({ ,,m:1 ,, ,,",features: ['playpause','current','progress','duration','volume','tracks','fullscreen'] ",,",audioWidth:250,audioHeight:30 ",}); });,
23,si,if, , ,, ,, ,, ,, ,, ,, ,, ,,, ,,,,,, ,,,, ,00:0000:0000:00  jQuery(document).ready(function($) { ,$('#wp_mep_78').mediaelementplayer({ ,,m:1 ,, ,,",features: ['playpause','current','progress','duration','volume','tracks','fullscreen'] ",,",audioWidth:250,audioHeight:30 ",}); });
24,si,yes, , ,, ,, ,, ,, ,, ,, ,, ,,, ,,,,,, ,,,, ,00:0000:0000:00  jQuery(document).ready(function($) { ,$('#wp_mep_77').mediaelementplayer({ ,,m:1 ,, ,,",features: ['playpause','current','progress','duration','volume','tracks','fullscreen'] ",,",audioWidth:250,audioHeight:30 ",}); });
25,pero,but, , ,, ,, ,, ,, ,, ,, ,, ,,, ,,,,,, ,,,, ,00:0000:0000:00  jQuery(document).ready(function($) { ,$('#wp_mep_76').mediaelementplayer({ ,,m:1 ,, ,,",features: ['playpause','current','progress','duration','volume','tracks','fullscreen'] ",,",audioWidth:250,audioHeight:30 ",}); });
26,bien,well, , ,, ,, ,, ,, ,, ,, ,, ,,, ,,,,,, ,,,, ,00:0000:0000:00  jQuery(document).ready(function($) { ,$('#wp_mep_75').mediaelementplayer({ ,,m:1 ,, ,,",features: ['playpause','current','progress','duration','volume','tracks','fullscreen'] ",,",audioWidth:250,audioHeight:30 ",}); });
27,las,the, , ,, ,, ,, ,, ,, ,, ,, ,,, ,,,,,, ,,,, ,00:0000:0000:00  jQuery(document).ready(function($) { ,$('#wp_mep_74').mediaelementplayer({ ,,m:1 ,, ,,",features: ['playpause','current','progress','duration','volume','tracks','fullscreen'] ",,",audioWidth:250,audioHeight:30 ",}); });
28,yo,I, , ,, ,, ,, ,, ,, ,, ,, ,,, ,,,,,, ,,,, ,00:0000:0000:00  jQuery(document).ready(function($) { ,$('#wp_mep_73').mediaelementplayer({ ,,m:1 ,, ,,",features: ['playpause','current','progress','duration','volume','tracks','fullscreen'] ",,",audioWidth:250,audioHeight:30 ",}); });
29,su,its, , ,, ,, ,, ,, ,, ,, ,, ,,, ,,,,,, ,,,, ,00:0000:0000:00  jQuery(document).ready(function($) { ,$('#wp_mep_72').mediaelementplayer({ ,,m:1 ,, ,,",features: ['playpause','current','progress','duration','volume','tracks','fullscreen'] ",,",audioWidth:250,audioHeight:30 ",}); });
30,eso,that, ,, ,,, ,, ,, ,, ,, ,, ,,, ,,,,,, ,,,, ,00:0000:0000:00  jQuery(document).ready(function($) { ,$('#wp_mep_71').mediaelementplayer({ ,,m:1 ,, ,,",features: ['playpause','current','progress','duration','volume','tracks','fullscreen'] ",,",audioWidth:250,audioHeight:30 ",}); });
31,aqui,here,, ,, , ,, ,, ,, ,, ,, ,,, ,,,,,, ,,,, ,00:0000:0000:00  jQuery(document).ready(function($) { ,$('#wp_mep_70').mediaelementplayer({ ,,m:1 ,, ,,",features: ['playpause','current','progress','duration','volume','tracks','fullscreen'] ",,",audioWidth:250,audioHeight:30 ",}); });,
32,del,the, , ,, ,, ,, ,, ,, ,, ,, ,,, ,,,,,, ,,,, ,00:0000:0000:00  jQuery(document).ready(function($) { ,$('#wp_mep_69').mediaelementplayer({ ,,m:1 ,, ,,",features: ['playpause','current','progress','duration','volume','tracks','fullscreen'] ",,",audioWidth:250,audioHeight:30 ",}); });
33,al,to, , ,, ,, ,, ,, ,, ,, ,, ,,, ,,,,,, ,,,, ,00:0000:0000:00  jQuery(document).ready(function($) { ,$('#wp_mep_68').mediaelementplayer({ ,,m:1 ,, ,,",features: ['playpause','current','progress','duration','volume','tracks','fullscreen'] ",,",audioWidth:250,audioHeight:30 ",}); });
34,como,as, , ,, ,, ,, ,, ,, ,, ,, ,,, ,,,,,, ,,,, ,00:0000:0000:00  jQuery(document).ready(function($) { ,$('#wp_mep_67').mediaelementplayer({ ,,m:1 ,, ,,",features: ['playpause','current','progress','duration','volume','tracks','fullscreen'] ",,",audioWidth:250,audioHeight:30 ",}); });
35,le,you, , ,, ,, ,, ,, ,, ,, ,, ,,, ,,,,,, ,,,, ,00:0000:0000:00  jQuery(document).ready(function($) { ,$('#wp_mep_66').mediaelementplayer({ ,,m:1 ,, ,,",features: ['playpause','current','progress','duration','volume','tracks','fullscreen'] ",,",audioWidth:250,audioHeight:30 ",}); });
36,tu,your, , ,, ,, ,, ,, ,, ,, ,, ,,, ,,,,,, ,,,, ,00:0000:0000:00  jQuery(document).ready(function($) { ,$('#wp_mep_65').mediaelementplayer({ ,,m:1 ,, ,,",features: ['playpause','current','progress','duration','volume','tracks','fullscreen'] ",,",audioWidth:250,audioHeight:30 ",}); });
37,mas,more, , ,, ,, ,, ,, ,, ,, ,, ,,, ,,,,,, ,,,, ,00:0000:0000:00  jQuery(document).ready(function($) { ,$('#wp_mep_64').mediaelementplayer({ ,,m:1 ,, ,,",features: ['playpause','current','progress','duration','volume','tracks','fullscreen'] ",,",audioWidth:250,audioHeight:30 ",}); });
38,todo,everything, , ,, ,, ,, ,, ,, ,, ,, ,,, ,,,,,, ,,,, ,00:0000:0000:00  jQuery(document).ready(function($) { ,$('#wp_mep_63').mediaelementplayer({ ,,m:1 ,, ,,",features: ['playpause','current','progress','duration','volume','tracks','fullscreen'] ",,",audioWidth:250,audioHeight:30 ",}); });
39,ya,already, , ,, ,, ,, ,, ,, ,, ,, ,,, ,,,,,, ,,,, ,00:0000:0000:00  jQuery(document).ready(function($) { ,$('#wp_mep_62').mediaelementplayer({ ,,m:1 ,, ,,",features: ['playpause','current','progress','duration','volume','tracks','fullscreen'] ",,",audioWidth:250,audioHeight:30 ",}); });
40,muy,very, , ,, ,, ,, ,, ,, ,, ,, ,,, ,,,,,, ,,,, ,00:0000:0000:00  jQuery(document).ready(function($) { ,$('#wp_mep_61').mediaelementplayer({ ,,m:1 ,, ,,",features: ['playpause','current','progress','duration','volume','tracks','fullscreen'] ",,",audioWidth:250,audioHeight:30 ",}); });
41,esto,this, , ,, ,, ,, ,, ,, ,, ,, ,,, ,,,,,, ,,,, ,00:0000:0000:00  jQuery(document).ready(function($) { ,$('#wp_mep_60').mediaelementplayer({ ,,m:1 ,, ,,",features: ['playpause','current','progress','duration','volume','tracks','fullscreen'] ",,",audioWidth:250,audioHeight:30 ",}); });
42,vamos,we, , ,, ,, ,, ,, ,, ,, ,, ,,, ,,,,,, ,,,, ,00:0000:0000:00  jQuery(document).ready(function($) { ,$('#wp_mep_59').mediaelementplayer({ ,,m:1 ,, ,,",features: ['playpause','current','progress','duration','volume','tracks','fullscreen'] ",,",audioWidth:250,audioHeight:30 ",}); });
43,ahora,now, , ,, ,, ,, ,, ,, ,, ,, ,,, ,,,,,, ,,,, ,00:0000:0000:00  jQuery(document).ready(function($) { ,$('#wp_mep_58').mediaelementplayer({ ,,m:1 ,, ,,",features: ['playpause','current','progress','duration','volume','tracks','fullscreen'] ",,",audioWidth:250,audioHeight:30 ",}); });
44,ha,has, , ,, ,, ,, ,, ,, ,, ,, ,,, ,,,,,, ,,,, ,00:0000:0000:00  jQuery(document).ready(function($) { ,$('#wp_mep_57').mediaelementplayer({ ,,m:1 ,, ,,",features: ['playpause','current','progress','duration','volume','tracks','fullscreen'] ",,",audioWidth:250,audioHeight:30 ",}); });
45,esta,this, , ,, ,, ,, ,, ,, ,, ,, ,,, ,,,,,, ,,,, ,00:0000:0000:00  jQuery(document).ready(function($) { ,$('#wp_mep_56').mediaelementplayer({ ,,m:1 ,, ,,",features: ['playpause','current','progress','duration','volume','tracks','fullscreen'] ",,",audioWidth:250,audioHeight:30 ",}); });
46,hay,there, , ,, ,, ,, ,, ,, ,, ,, ,,, ,,,,,, ,,,, ,00:0000:0000:00  jQuery(document).ready(function($) { ,$('#wp_mep_55').mediaelementplayer({ ,,m:1 ,, ,,",features: ['playpause','current','progress','duration','volume','tracks','fullscreen'] ",,",audioWidth:250,audioHeight:30 ",}); });
47,algo,something, , ,, ,, ,, ,, ,, ,, ,, ,,, ,,,,,, ,,,, ,00:0000:0000:00  jQuery(document).ready(function($) { ,$('#wp_mep_54').mediaelementplayer({ ,,m:1 ,, ,,",features: ['playpause','current','progress','duration','volume','tracks','fullscreen'] ",,",audioWidth:250,audioHeight:30 ",}); });
48,estoy,am, ,, ,,, ,, ,, ,, ,, ,, ,,, ,,,,,, ,,,, ,00:0000:0000:00  jQuery(document).ready(function($) { ,$('#wp_mep_53').mediaelementplayer({ ,,m:1 ,, ,,",features: ['playpause','current','progress','duration','volume','tracks','fullscreen'] ",,",audioWidth:250,audioHeight:30 ",}); });
49,tu,you,, ,, , ,, ,, ,, ,, ,,, ,,,,,, ,,,, ,00:0000:0000:00  jQuery(document).ready(function($) { ,$('#wp_mep_52').mediaelementplayer({ ,,m:1 ,, ,,",features: ['playpause','current','progress','duration','volume','tracks','fullscreen'] ",,",audioWidth:250,audioHeight:30 ",}); });,,,
50,tengo,I, ,, ,,, ,, ,, ,, ,, ,, ,,, ,,,,,, ,,,, ,00:0000:0000:00  jQuery(document).ready(function($) { ,$('#wp_mep_51').mediaelementplayer({ ,,m:1 ,, ,,",features: ['playpause','current','progress','duration','volume','tracks','fullscreen'] ",,",audioWidth:250,audioHeight:30 ",}); });
51,asi,so,, ,, , ,, ,, ,, ,, ,,, ,,,,,, ,,,, ,00:0000:0000:00  jQuery(document).ready(function($) { ,$('#wp_mep_50').mediaelementplayer({ ,,m:1 ,, ,,",features: ['playpause','current','progress','duration','volume','tracks','fullscreen'] ",,",audioWidth:250,audioHeight:30 ",}); });,,,
52,nada,nothing, , ,, ,, ,, ,, ,, ,, ,, ,,, ,,,,,, ,,,, ,00:0000:0000:00  jQuery(document).ready(function($) { ,$('#wp_mep_49').mediaelementplayer({ ,,m:1 ,, ,,",features: ['playpause','current','progress','duration','volume','tracks','fullscreen'] ",,",audioWidth:250,audioHeight:30 ",}); });
53,nos,us, , ,, ,, ,, ,, ,, ,, ,, ,,, ,,,,,, ,,,, ,00:0000:0000:00  jQuery(document).ready(function($) { ,$('#wp_mep_48').mediaelementplayer({ ,,m:1 ,, ,,",features: ['playpause','current','progress','duration','volume','tracks','fullscreen'] ",,",audioWidth:250,audioHeight:30 ",}); });
54,cuando,when, , ,, ,, ,, ,, ,, ,, ,, ,,, ,,,,,, ,,,, ,00:0000:0000:00  jQuery(document).ready(function($) { ,$('#wp_mep_47').mediaelementplayer({ ,,m:1 ,, ,,",features: ['playpause','current','progress','duration','volume','tracks','fullscreen'] ",,",audioWidth:250,audioHeight:30 ",}); });
55,como,how, , ,, ,, ,, ,, ,, ,, ,, ,,, ,,,,,, ,,,, ,00:0000:0000:00  jQuery(document).ready(function($) { ,$('#wp_mep_46').mediaelementplayer({ ,,m:1 ,, ,,",features: ['playpause','current','progress','duration','volume','tracks','fullscreen'] ",,",audioWidth:250,audioHeight:30 ",}); });
56,saber,know, , ,, ,, ,, ,, ,, ,, ,, ,,, ,,,,,, ,,,, ,00:0000:0000:00  jQuery(document).ready(function($) { ,$('#wp_mep_45').mediaelementplayer({ ,,m:1 ,, ,,",features: ['playpause','current','progress','duration','volume','tracks','fullscreen'] ",,",audioWidth:250,audioHeight:30 ",}); });
57,el,he, , ,, ,, ,, ,, ,, ,, ,, ,,, ,,,,,, ,,,, ,00:0000:0000:00  jQuery(document).ready(function($) { ,$('#wp_mep_44').mediaelementplayer({ ,,m:1 ,, ,,",features: ['playpause','current','progress','duration','volume','tracks','fullscreen'] ",,",audioWidth:250,audioHeight:30 ",}); });
58,estan,are, , ,, ,, ,, ,, ,, ,, ,, ,,, ,,,,,, ,,,, ,00:0000:0000:00  jQuery(document).ready(function($) { ,$('#wp_mep_43').mediaelementplayer({ ,,m:1 ,, ,,",features: ['playpause','current','progress','duration','volume','tracks','fullscreen'] ",,",audioWidth:250,audioHeight:30 ",}); });
59,solo,only, , ,, ,, ,, ,, ,, ,, ,, ,,, ,,,,,, ,,,, ,00:0000:0000:00  jQuery(document).ready(function($) { ,$('#wp_mep_42').mediaelementplayer({ ,,m:1 ,, ,,",features: ['playpause','current','progress','duration','volume','tracks','fullscreen'] ",,",audioWidth:250,audioHeight:30 ",}); });
60,o,or, , ,, ,, ,, ,, ,, ,, ,, ,,, ,,,,,, ,,,, ,00:0000:0000:00  jQuery(document).ready(function($) { ,$('#wp_mep_41').mediaelementplayer({ ,,m:1 ,, ,,",features: ['playpause','current','progress','duration','volume','tracks','fullscreen'] ",,",audioWidth:250,audioHeight:30 ",}); });
61,quiero,I, , ,, ,, ,, ,, ,, ,, ,, ,,, ,,,,,, ,,,, ,00:0000:0000:00  jQuery(document).ready(function($) { ,$('#wp_mep_40').mediaelementplayer({ ,,m:1 ,, ,,",features: ['playpause','current','progress','duration','volume','tracks','fullscreen'] ",,",audioWidth:250,audioHeight:30 ",}); });
62,gracias,thanks, , ,, ,, ,, ,, ,, ,, ,, ,,, ,,,,,, ,,,, ,00:0000:0000:00  jQuery(document).ready(function($) { ,$('#wp_mep_39').mediaelementplayer({ ,,m:1 ,, ,,",features: ['playpause','current','progress','duration','volume','tracks','fullscreen'] ",,",audioWidth:250,audioHeight:30 ",}); });
63,tiene,you, , ,, ,, ,, ,, ,, ,, ,, ,,, ,,,,,, ,,,, ,00:0000:0000:00  jQuery(document).ready(function($) { ,$('#wp_mep_38').mediaelementplayer({ ,,m:1 ,, ,,",features: ['playpause','current','progress','duration','volume','tracks','fullscreen'] ",,",audioWidth:250,audioHeight:30 ",}); });
64,este,this, , ,, ,, ,, ,, ,, ,, ,, ,,, ,,,,,, ,,,, ,00:0000:0000:00  jQuery(document).ready(function($) { ,$('#wp_mep_37').mediaelementplayer({ ,,m:1 ,, ,,",features: ['playpause','current','progress','duration','volume','tracks','fullscreen'] ",,",audioWidth:250,audioHeight:30 ",}); });
65,soy,am, , ,, ,, ,, ,, ,, ,, ,, ,,, ,,,,,, ,,,, ,00:0000:0000:00  jQuery(document).ready(function($) { ,$('#wp_mep_36').mediaelementplayer({ ,,m:1 ,, ,,",features: ['playpause','current','progress','duration','volume','tracks','fullscreen'] ",,",audioWidth:250,audioHeight:30 ",}); });
66,he,I, , ,, ,, ,, ,, ,, ,, ,, ,,, ,,,,,, ,,,, ,00:0000:0000:00  jQuery(document).ready(function($) { ,$('#wp_mep_35').mediaelementplayer({ ,,m:1 ,, ,,",features: ['playpause','current','progress','duration','volume','tracks','fullscreen'] ",,",audioWidth:250,audioHeight:30 ",}); });
67,puedo,I, , ,, ,, ,, ,, ,, ,, ,, ,,, ,,,,,, ,,,, ,00:0000:0000:00  jQuery(document).ready(function($) { ,$('#wp_mep_34').mediaelementplayer({ ,,m:1 ,, ,,",features: ['playpause','current','progress','duration','volume','tracks','fullscreen'] ",,",audioWidth:250,audioHeight:30 ",}); });
68,bueno,good, , ,, ,, ,, ,, ,, ,, ,, ,,, ,,,,,, ,,,, ,00:0000:0000:00  jQuery(document).ready(function($) { ,$('#wp_mep_33').mediaelementplayer({ ,,m:1 ,, ,,",features: ['playpause','current','progress','duration','volume','tracks','fullscreen'] ",,",audioWidth:250,audioHeight:30 ",}); });
69,era,era, , ,, ,, ,, ,, ,, ,, ,, ,,, ,,,,,, ,,,, ,00:0000:0000:00  jQuery(document).ready(function($) { ,$('#wp_mep_32').mediaelementplayer({ ,,m:1 ,, ,,",features: ['playpause','current','progress','duration','volume','tracks','fullscreen'] ",,",audioWidth:250,audioHeight:30 ",}); });
70,ser,be, , ,, ,, ,, ,, ,, ,, ,, ,,, ,,,,,, ,,,, ,00:0000:0000:00  jQuery(document).ready(function($) { ,$('#wp_mep_31').mediaelementplayer({ ,,m:1 ,, ,,",features: ['playpause','current','progress','duration','volume','tracks','fullscreen'] ",,",audioWidth:250,audioHeight:30 ",}); });
71,vez,time, , ,, ,, ,, ,, ,, ,, ,, ,,, ,,,,,, ,,,, ,00:0000:0000:00  jQuery(document).ready(function($) { ,$('#wp_mep_30').mediaelementplayer({ ,,m:1 ,, ,,",features: ['playpause','current','progress','duration','volume','tracks','fullscreen'] ",,",audioWidth:250,audioHeight:30 ",}); });
72,hacer,do, , ,, ,, ,, ,, ,, ,, ,, ,,, ,,,,,, ,,,, ,00:0000:0000:00  jQuery(document).ready(function($) { ,$('#wp_mep_29').mediaelementplayer({ ,,m:1 ,, ,,",features: ['playpause','current','progress','duration','volume','tracks','fullscreen'] ",,",audioWidth:250,audioHeight:30 ",}); });
73,todos,everyone, , ,, ,, ,, ,, ,, ,, ,, ,,, ,,,,,, ,,,, ,00:0000:0000:00  jQuery(document).ready(function($) { ,$('#wp_mep_28').mediaelementplayer({ ,,m:1 ,, ,,",features: ['playpause','current','progress','duration','volume','tracks','fullscreen'] ",,",audioWidth:250,audioHeight:30 ",}); });
74,fue,was, , ,, ,, ,, ,, ,, ,, ,, ,,, ,,,,,, ,,,, ,00:0000:0000:00  jQuery(document).ready(function($) { ,$('#wp_mep_27').mediaelementplayer({ ,,m:1 ,, ,,",features: ['playpause','current','progress','duration','volume','tracks','fullscreen'] ",,",audioWidth:250,audioHeight:30 ",}); });
75,son,are, , ,, ,, ,, ,, ,, ,, ,, ,,, ,,,,,, ,,,, ,00:0000:0000:00  jQuery(document).ready(function($) { ,$('#wp_mep_26').mediaelementplayer({ ,,m:1 ,, ,,",features: ['playpause','current','progress','duration','volume','tracks','fullscreen'] ",,",audioWidth:250,audioHeight:30 ",}); });
76,ella,she, , ,, ,, ,, ,, ,, ,, ,, ,,, ,,,,,, ,,,, ,00:0000:0000:00  jQuery(document).ready(function($) { ,$('#wp_mep_25').mediaelementplayer({ ,,m:1 ,, ,,",features: ['playpause','current','progress','duration','volume','tracks','fullscreen'] ",,",audioWidth:250,audioHeight:30 ",}); });
77,eres,you, , ,, ,, ,, ,, ,, ,, ,, ,,, ,,,,,, ,,,, ,00:0000:0000:00  jQuery(document).ready(function($) { ,$('#wp_mep_24').mediaelementplayer({ ,,m:1 ,, ,,",features: ['playpause','current','progress','duration','volume','tracks','fullscreen'] ",,",audioWidth:250,audioHeight:30 ",}); });
78,usted,you, , ,, ,, ,, ,, ,, ,, ,, ,,, ,,,,,, ,,,, ,00:0000:0000:00  jQuery(document).ready(function($) { ,$('#wp_mep_23').mediaelementplayer({ ,,m:1 ,, ,,",features: ['playpause','current','progress','duration','volume','tracks','fullscreen'] ",,",audioWidth:250,audioHeight:30 ",}); });
79,tienes,you, , ,, ,, ,, ,, ,, ,, ,, ,,, ,,,,,, ,,,, ,00:0000:0000:00  jQuery(document).ready(function($) { ,$('#wp_mep_22').mediaelementplayer({ ,,m:1 ,, ,,",features: ['playpause','current','progress','duration','volume','tracks','fullscreen'] ",,",audioWidth:250,audioHeight:30 ",}); });
80,puede,can, , ,, ,, ,, ,, ,, ,, ,, ,,, ,,,,,, ,,,, ,00:0000:0000:00  jQuery(document).ready(function($) { ,$('#wp_mep_21').mediaelementplayer({ ,,m:1 ,, ,,",features: ['playpause','current','progress','duration','volume','tracks','fullscreen'] ",,",audioWidth:250,audioHeight:30 ",}); });
81,senor,Mr., , ,, ,, ,, ,, ,, ,, ,, ,,, ,,,,,, ,,,, ,00:0000:0000:00  jQuery(document).ready(function($) { ,$('#wp_mep_20').mediaelementplayer({ ,,m:1 ,, ,,",features: ['playpause','current','progress','duration','volume','tracks','fullscreen'] ",,",audioWidth:250,audioHeight:30 ",}); });
82,quien,who, , ,, ,, ,, ,, ,, ,, ,, ,,, ,,,,,, ,,,, ,00:0000:0000:00  jQuery(document).ready(function($) { ,$('#wp_mep_19').mediaelementplayer({ ,,m:1 ,, ,,",features: ['playpause','current','progress','duration','volume','tracks','fullscreen'] ",,",audioWidth:250,audioHeight:30 ",}); });
83,ese,that, , ,, ,, ,, ,, ,, ,, ,, ,,, ,,,,,, ,,,, ,00:0000:0000:00  jQuery(document).ready(function($) { ,$('#wp_mep_18').mediaelementplayer({ ,,m:1 ,, ,,",features: ['playpause','current','progress','duration','volume','tracks','fullscreen'] ",,",audioWidth:250,audioHeight:30 ",}); });
84,voy,go, , ,, ,, ,, ,, ,, ,, ,, ,,, ,,,,,, ,,,, ,00:0000:0000:00  jQuery(document).ready(function($) { ,$('#wp_mep_17').mediaelementplayer({ ,,m:1 ,, ,,",features: ['playpause','current','progress','duration','volume','tracks','fullscreen'] ",,",audioWidth:250,audioHeight:30 ",}); });
85,creo,think, , ,, ,, ,, ,, ,, ,, ,, ,,, ,,,,,, ,,,, ,00:0000:0000:00  jQuery(document).ready(function($) { ,$('#wp_mep_16').mediaelementplayer({ ,,m:1 ,, ,,",features: ['playpause','current','progress','duration','volume','tracks','fullscreen'] ",,",audioWidth:250,audioHeight:30 ",}); });
86,casa,home, , ,, ,, ,, ,, ,, ,, ,, ,,, ,,,,,, ,,,, ,00:0000:0000:00  jQuery(document).ready(function($) { ,$('#wp_mep_15').mediaelementplayer({ ,,m:1 ,, ,,",features: ['playpause','current','progress','duration','volume','tracks','fullscreen'] ",,",audioWidth:250,audioHeight:30 ",}); });
87,porque,because, , ,, ,, ,, ,, ,, ,, ,, ,,, ,,,,,, ,,,, ,00:0000:0000:00  jQuery(document).ready(function($) { ,$('#wp_mep_14').mediaelementplayer({ ,,m:1 ,, ,,",features: ['playpause','current','progress','duration','volume','tracks','fullscreen'] ",,",audioWidth:250,audioHeight:30 ",}); });
88,hola,hello, , ,, ,, ,, ,, ,, ,, ,, ,,, ,,,,,, ,,,, ,00:0000:0000:00  jQuery(document).ready(function($) { ,$('#wp_mep_13').mediaelementplayer({ ,,m:1 ,, ,,",features: ['playpause','current','progress','duration','volume','tracks','fullscreen'] ",,",audioWidth:250,audioHeight:30 ",}); });
89,tan,so, , ,, ,, ,, ,, ,, ,, ,, ,,, ,,,,,, ,,,, ,00:0000:0000:00  jQuery(document).ready(function($) { ,$('#wp_mep_12').mediaelementplayer({ ,,m:1 ,, ,,",features: ['playpause','current','progress','duration','volume','tracks','fullscreen'] ",,",audioWidth:250,audioHeight:30 ",}); });
90,favor,favor, , ,, ,, ,, ,, ,, ,, ,, ,,, ,,,,,, ,,,, ,00:0000:0000:00  jQuery(document).ready(function($) { ,$('#wp_mep_11').mediaelementplayer({ ,,m:1 ,, ,,",features: ['playpause','current','progress','duration','volume','tracks','fullscreen'] ",,",audioWidth:250,audioHeight:30 ",}); });
91,donde,where, , ,, ,, ,, ,, ,, ,, ,, ,,, ,,,,,, ,,,, ,00:0000:0000:00  jQuery(document).ready(function($) { ,$('#wp_mep_10').mediaelementplayer({ ,,m:1 ,, ,,",features: ['playpause','current','progress','duration','volume','tracks','fullscreen'] ",,",audioWidth:250,audioHeight:30 ",}); });
92,sus,their, , ,, ,, ,, ,, ,, ,, ,, ,,, ,,,,,, ,,,, ,00:0000:0000:00  jQuery(document).ready(function($) { ,$('#wp_mep_9').mediaelementplayer({ ,,m:1 ,, ,,",features: ['playpause','current','progress','duration','volume','tracks','fullscreen'] ",,",audioWidth:250,audioHeight:30 ",}); });
93,dos,two, , ,, ,, ,, ,, ,, ,, ,, ,,, ,,,,,, ,,,, ,00:0000:0000:00  jQuery(document).ready(function($) { ,$('#wp_mep_8').mediaelementplayer({ ,,m:1 ,, ,,",features: ['playpause','current','progress','duration','volume','tracks','fullscreen'] ",,",audioWidth:250,audioHeight:30 ",}); });
94,nunca,never, , ,, ,, ,, ,, ,, ,, ,, ,,, ,,,,,, ,,,, ,00:0000:0000:00  jQuery(document).ready(function($) { ,$('#wp_mep_7').mediaelementplayer({ ,,m:1 ,, ,,",features: ['playpause','current','progress','duration','volume','tracks','fullscreen'] ",,",audioWidth:250,audioHeight:30 ",}); });
95,sabes,know, , ,, ,, ,, ,, ,, ,, ,, ,,, ,,,,,, ,,,, ,00:0000:0000:00  jQuery(document).ready(function($) { ,$('#wp_mep_6').mediaelementplayer({ ,,m:1 ,, ,,",features: ['playpause','current','progress','duration','volume','tracks','fullscreen'] ",,",audioWidth:250,audioHeight:30 ",}); });
96,verdad,truth, , ,, ,, ,, ,, ,, ,, ,, ,,, ,,,,,, ,,,, ,00:0000:0000:00  jQuery(document).ready(function($) { ,$('#wp_mep_5').mediaelementplayer({ ,,m:1 ,, ,,",features: ['playpause','current','progress','duration','volume','tracks','fullscreen'] ",,",audioWidth:250,audioHeight:30 ",}); });
97,quieres,want, , ,, ,, ,, ,, ,, ,, ,, ,,, ,,,,,, ,,,, ,00:0000:0000:00  jQuery(document).ready(function($) { ,$('#wp_mep_4').mediaelementplayer({ ,,m:1 ,, ,,",features: ['playpause','current','progress','duration','volume','tracks','fullscreen'] ",,",audioWidth:250,audioHeight:30 ",}); });
98,mucho,much, ,, ,,, ,, ,, ,, ,, ,, ,,, ,,,,,, ,,,, ,00:0000:0000:00  jQuery(document).ready(function($) { ,$('#wp_mep_3').mediaelementplayer({ ,,m:1 ,, ,,",features: ['playpause','current','progress','duration','volume','tracks','fullscreen'] ",,",audioWidth:250,audioHeight:30 ",}); });
99,mi,me,, ,, , ,, ,, ,, ,, ,, ,,, ,,,,,, ,,,, ,00:0000:0000:00  jQuery(document).ready(function($) { ,$('#wp_mep_2').mediaelementplayer({ ,,m:1 ,, ,,",features: ['playpause','current','progress','duration','volume','tracks','fullscreen'] ",,",audioWidth:250,audioHeight:30 ",}); });,
100,tiempo,time, ,,,,, ,, ,, ,, ,, ,, ,,, ,,,,,, ,,,, ,00:0000:0000:00  jQuery(document).ready(function($) { ,$('#wp_mep_1').mediaelementplayer({ ,,m:1 ,, ,,",features: ['playpause','current','progress','duration','volume','tracks','fullscreen'] ",,",audioWidth:250,audioHeight:30 ",}); });
101,estaba,was,,,,,,,,,,,,,,,,,,,,,,,,,,,,,,,,,,,,,,,,
102,entonces,then,,,,,,,,,,,,,,,,,,,,,,,,,,,,,,,,,,,,,,,,
103,mejor,best,,,,,,,,,,,,,,,,,,,,,,,,,,,,,,,,,,,,,,,,
104,esa,that,,,,,,,,,,,,,,,,,,,,,,,,,,,,,,,,,,,,,,,,
105,hace,ago,,,,,,,,,,,,,,,,,,,,,,,,,,,,,,,,,,,,,,,,
106,hombre,man,,,,,,,,,,,,,,,,,,,,,,,,,,,,,,,,,,,,,,,,
107,dios,god,,,,,,,,,,,,,,,,,,,,,,,,,,,,,,,,,,,,,,,,
108,va,will,,,,,,,,,,,,,,,,,,,,,,,,,,,,,,,,,,,,,,,,
109,tambien,also,,,,,,,,,,,,,,,,,,,,,,,,,,,,,,,,,,,,,,,,
110,vida,life,,,,,,,,,,,,,,,,,,,,,,,,,,,,,,,,,,,,,,,,
111,estan,are,,,,,,,,,,,,,,,,,,,,,,,,,,,,,,,,,,,,,,,,
112,sin,without,,,,,,,,,,,,,,,,,,,,,,,,,,,,,,,,,,,,,,,,
113,ver,see,,,,,,,,,,,,,,,,,,,,,,,,,,,,,,,,,,,,,,,,
114,has,have,,,,,,,,,,,,,,,,,,,,,,,,,,,,,,,,,,,,,,,,
115,siempre,always,,,,,,,,,,,,,,,,,,,,,,,,,,,,,,,,,,,,,,,,
116,alli,there,,,,,,,,,,,,,,,,,,,,,,,,,,,,,,,,,,,,,,,,
117,ti,you,,,,,,,,,,,,,,,,,,,,,,,,,,,,,,,,,,,,,,,,
118,hasta,to,,,,,,,,,,,,,,,,,,,,,,,,,,,,,,,,,,,,,,,,
119,siento,am,,,,,,,,,,,,,,,,,,,,,,,,,,,,,,,,,,,,,,,,
120,puedes,can,,,,,,,,,,,,,,,,,,,,,,,,,,,,,,,,,,,,,,,,
121,ni,or,,,,,,,,,,,,,,,,,,,,,,,,,,,,,,,,,,,,,,,,
122,decir,say,,,,,,,,,,,,,,,,,,,,,,,,,,,,,,,,,,,,,,,,
123,sobre,about,,,,,,,,,,,,,,,,,,,,,,,,,,,,,,,,,,,,,,,,
124,anos,years,,,,,,,,,,,,,,,,,,,,,,,,,,,,,,,,,,,,,,,,
125,tenemos,have,,,,,,,,,,,,,,,,,,,,,,,,,,,,,,,,,,,,,,,,
126,uno,one,,,,,,,,,,,,,,,,,,,,,,,,,,,,,,,,,,,,,,,,
127,dia,day,,,,,,,,,,,,,,,,,,,,,,,,,,,,,,,,,,,,,,,,
128,cosas,stuff,,,,,,,,,,,,,,,,,,,,,,,,,,,,,,,,,,,,,,,,
129,noche,night,,,,,,,,,,,,,,,,,,,,,,,,,,,,,,,,,,,,,,,,
130,alguien,someone,,,,,,,,,,,,,,,,,,,,,,,,,,,,,,,,,,,,,,,,
131,antes,before,,,,,,,,,,,,,,,,,,,,,,,,,,,,,,,,,,,,,,,,
132,mis,my,,,,,,,,,,,,,,,,,,,,,,,,,,,,,,,,,,,,,,,,
133,ir,go,,,,,,,,,,,,,,,,,,,,,,,,,,,,,,,,,,,,,,,,
134,poco,little,,,,,,,,,,,,,,,,,,,,,,,,,,,,,,,,,,,,,,,,
135,otra,other,,,,,,,,,,,,,,,,,,,,,,,,,,,,,,,,,,,,,,,,
136,quiere,wants,,,,,,,,,,,,,,,,,,,,,,,,,,,,,,,,,,,,,,,,
137,solo,single,,,,,,,,,,,,,,,,,,,,,,,,,,,,,,,,,,,,,,,,
138,nadie,nobody,,,,,,,,,,,,,,,,,,,,,,,,,,,,,,,,,,,,,,,,
139,nosotros,us,,,,,,,,,,,,,,,,,,,,,,,,,,,,,,,,,,,,,,,,
140,gente,people,,,,,,,,,,,,,,,,,,,,,,,,,,,,,,,,,,,,,,,,
141,parece,seems,,,,,,,,,,,,,,,,,,,,,,,,,,,,,,,,,,,,,,,,
142,padre,father,,,,,,,,,,,,,,,,,,,,,,,,,,,,,,,,,,,,,,,,
143,dinero,money,,,,,,,,,,,,,,,,,,,,,,,,,,,,,,,,,,,,,,,,
144,estar,be,,,,,,,,,,,,,,,,,,,,,,,,,,,,,,,,,,,,,,,,
145,hecho,done,,,,,,,,,,,,,,,,,,,,,,,,,,,,,,,,,,,,,,,,
146,les,them,,,,,,,,,,,,,,,,,,,,,,,,,,,,,,,,,,,,,,,,
147,sea,is,,,,,,,,,,,,,,,,,,,,,,,,,,,,,,,,,,,,,,,,
148,estamos,we,,,,,,,,,,,,,,,,,,,,,,,,,,,,,,,,,,,,,,,,
149,mismo,same,,,,,,,,,,,,,,,,,,,,,,,,,,,,,,,,,,,,,,,,
150,dijo,said,,,,,,,,,,,,,,,,,,,,,,,,,,,,,,,,,,,,,,,,
151,mira,sight,,,,,,,,,,,,,,,,,,,,,,,,,,,,,,,,,,,,,,,,
152,trabajo,work,,,,,,,,,,,,,,,,,,,,,,,,,,,,,,,,,,,,,,,,
153,pasa,pass,,,,,,,,,,,,,,,,,,,,,,,,,,,,,,,,,,,,,,,,
154,claro,clear,,,,,,,,,,,,,,,,,,,,,,,,,,,,,,,,,,,,,,,,
155,vas,you,,,,,,,,,,,,,,,,,,,,,,,,,,,,,,,,,,,,,,,,
156,ellos,they,,,,,,,,,,,,,,,,,,,,,,,,,,,,,,,,,,,,,,,,
157,manana,morning,,,,,,,,,,,,,,,,,,,,,,,,,,,,,,,,,,,,,,,,
158,otro,other,,,,,,,,,,,,,,,,,,,,,,,,,,,,,,,,,,,,,,,,
159,han,have,,,,,,,,,,,,,,,,,,,,,,,,,,,,,,,,,,,,,,,,
160,hablar,talk,,,,,,,,,,,,,,,,,,,,,,,,,,,,,,,,,,,,,,,,
161,despues,after,,,,,,,,,,,,,,,,,,,,,,,,,,,,,,,,,,,,,,,,
162,desde,from,,,,,,,,,,,,,,,,,,,,,,,,,,,,,,,,,,,,,,,,
163,tal,such,,,,,,,,,,,,,,,,,,,,,,,,,,,,,,,,,,,,,,,,
164,mundo,world,,,,,,,,,,,,,,,,,,,,,,,,,,,,,,,,,,,,,,,,
165,sabe,know,,,,,,,,,,,,,,,,,,,,,,,,,,,,,,,,,,,,,,,,
166,acuerdo,agreement,,,,,,,,,,,,,,,,,,,,,,,,,,,,,,,,,,,,,,,,
167,habia,had,,,,,,,,,,,,,,,,,,,,,,,,,,,,,,,,,,,,,,,,
168,momento,time,,,,,,,,,,,,,,,,,,,,,,,,,,,,,,,,,,,,,,,,
169,fuera,out,,,,,,,,,,,,,,,,,,,,,,,,,,,,,,,,,,,,,,,,
170,hijo,son,,,,,,,,,,,,,,,,,,,,,,,,,,,,,,,,,,,,,,,,
171,amigo,friend,,,,,,,,,,,,,,,,,,,,,,,,,,,,,,,,,,,,,,,,
172,donde,where,,,,,,,,,,,,,,,,,,,,,,,,,,,,,,,,,,,,,,,,
173,seguro,insurance,,,,,,,,,,,,,,,,,,,,,,,,,,,,,,,,,,,,,,,,
174,podria,could,,,,,,,,,,,,,,,,,,,,,,,,,,,,,,,,,,,,,,,,
175,mujer,woman,,,,,,,,,,,,,,,,,,,,,,,,,,,,,,,,,,,,,,,,
176,dias,days,,,,,,,,,,,,,,,,,,,,,,,,,,,,,,,,,,,,,,,,
177,madre,mother,,,,,,,,,,,,,,,,,,,,,,,,,,,,,,,,,,,,,,,,
178,tus,your,,,,,,,,,,,,,,,,,,,,,,,,,,,,,,,,,,,,,,,,
179,cosa,thing,,,,,,,,,,,,,,,,,,,,,,,,,,,,,,,,,,,,,,,,
180,alli,there,,,,,,,,,,,,,,,,,,,,,,,,,,,,,,,,,,,,,,,,
181,lugar,place,,,,,,,,,,,,,,,,,,,,,,,,,,,,,,,,,,,,,,,,
182,dice,says,,,,,,,,,,,,,,,,,,,,,,,,,,,,,,,,,,,,,,,,
183,gusta,like,,,,,,,,,,,,,,,,,,,,,,,,,,,,,,,,,,,,,,,,
184,gran,great,,,,,,,,,,,,,,,,,,,,,,,,,,,,,,,,,,,,,,,,
185,tenia,had,,,,,,,,,,,,,,,,,,,,,,,,,,,,,,,,,,,,,,,,
186,sera,will,,,,,,,,,,,,,,,,,,,,,,,,,,,,,,,,,,,,,,,,
187,mierda,shit,,,,,,,,,,,,,,,,,,,,,,,,,,,,,,,,,,,,,,,,
188,mama,mom,,,,,,,,,,,,,,,,,,,,,,,,,,,,,,,,,,,,,,,,
189,papa,dad,,,,,,,,,,,,,,,,,,,,,,,,,,,,,,,,,,,,,,,,
190,hoy,today,,,,,,,,,,,,,,,,,,,,,,,,,,,,,,,,,,,,,,,,
191,espera,waiting,,,,,,,,,,,,,,,,,,,,,,,,,,,,,,,,,,,,,,,,
192,tres,three,,,,,,,,,,,,,,,,,,,,,,,,,,,,,,,,,,,,,,,,
193,ven,see,,,,,,,,,,,,,,,,,,,,,,,,,,,,,,,,,,,,,,,,
194,buena,good,,,,,,,,,,,,,,,,,,,,,,,,,,,,,,,,,,,,,,,,
195,tener,have,,,,,,,,,,,,,,,,,,,,,,,,,,,,,,,,,,,,,,,,
196,luego,then,,,,,,,,,,,,,,,,,,,,,,,,,,,,,,,,,,,,,,,,
197,dije,said,,,,,,,,,,,,,,,,,,,,,,,,,,,,,,,,,,,,,,,,
198,podemos,can,,,,,,,,,,,,,,,,,,,,,,,,,,,,,,,,,,,,,,,,
199,nuevo,new,,,,,,,,,,,,,,,,,,,,,,,,,,,,,,,,,,,,,,,,
200,estado,state,,,,,,,,,,,,,,,,,,,,,,,,,,,,,,,,,,,,,,,,
201,menos,less,,,,,,,,,,,,,,,,,,,,,,,,,,,,,,,,,,,,,,,,
202,tipo,type,,,,,,,,,,,,,,,,,,,,,,,,,,,,,,,,,,,,,,,,
203,nuestro,our,,,,,,,,,,,,,,,,,,,,,,,,,,,,,,,,,,,,,,,,
204,debe,should,,,,,,,,,,,,,,,,,,,,,,,,,,,,,,,,,,,,,,,,
205,sido,been,,,,,,,,,,,,,,,,,,,,,,,,,,,,,,,,,,,,,,,,
206,buen,good,,,,,,,,,,,,,,,,,,,,,,,,,,,,,,,,,,,,,,,,
207,conmigo,me,,,,,,,,,,,,,,,,,,,,,,,,,,,,,,,,,,,,,,,,
208,mal,wrong,,,,,,,,,,,,,,,,,,,,,,,,,,,,,,,,,,,,,,,,
209,todas,All,,,,,,,,,,,,,,,,,,,,,,,,,,,,,,,,,,,,,,,,
210,nombre,name,,,,,,,,,,,,,,,,,,,,,,,,,,,,,,,,,,,,,,,,
211,mio,mine,,,,,,,,,,,,,,,,,,,,,,,,,,,,,,,,,,,,,,,,
212,crees,think,,,,,,,,,,,,,,,,,,,,,,,,,,,,,,,,,,,,,,,,
213,haciendo,doing,,,,,,,,,,,,,,,,,,,,,,,,,,,,,,,,,,,,,,,,
214,toda,throughout,,,,,,,,,,,,,,,,,,,,,,,,,,,,,,,,,,,,,,,,
215,amor,love,,,,,,,,,,,,,,,,,,,,,,,,,,,,,,,,,,,,,,,,
216,visto,viewed,,,,,,,,,,,,,,,,,,,,,,,,,,,,,,,,,,,,,,,,
217,queria,would,,,,,,,,,,,,,,,,,,,,,,,,,,,,,,,,,,,,,,,,
218,importa,matter,,,,,,,,,,,,,,,,,,,,,,,,,,,,,,,,,,,,,,,,
219,tarde,afternoon,,,,,,,,,,,,,,,,,,,,,,,,,,,,,,,,,,,,,,,,
220,parte,part,,,,,,,,,,,,,,,,,,,,,,,,,,,,,,,,,,,,,,,,
221,estas,these,,,,,,,,,,,,,,,,,,,,,,,,,,,,,,,,,,,,,,,,
222,tienen,have,,,,,,,,,,,,,,,,,,,,,,,,,,,,,,,,,,,,,,,,
223,aun,yet,,,,,,,,,,,,,,,,,,,,,,,,,,,,,,,,,,,,,,,,
224,necesito,need,,,,,,,,,,,,,,,,,,,,,,,,,,,,,,,,,,,,,,,,
225,nuestra,our,,,,,,,,,,,,,,,,,,,,,,,,,,,,,,,,,,,,,,,,
226,tanto,so,,,,,,,,,,,,,,,,,,,,,,,,,,,,,,,,,,,,,,,,
227,eh,eh,,,,,,,,,,,,,,,,,,,,,,,,,,,,,,,,,,,,,,,,
228,cada,each,,,,,,,,,,,,,,,,,,,,,,,,,,,,,,,,,,,,,,,,
229,ve,see,,,,,,,,,,,,,,,,,,,,,,,,,,,,,,,,,,,,,,,,
230,veces,times,,,,,,,,,,,,,,,,,,,,,,,,,,,,,,,,,,,,,,,,
231,hora,time,,,,,,,,,,,,,,,,,,,,,,,,,,,,,,,,,,,,,,,,
232,contigo,with,,,,,,,,,,,,,,,,,,,,,,,,,,,,,,,,,,,,,,,,
233,haber,have,,,,,,,,,,,,,,,,,,,,,,,,,,,,,,,,,,,,,,,,
234,oye,hears,,,,,,,,,,,,,,,,,,,,,,,,,,,,,,,,,,,,,,,,
235,buenas,good,,,,,,,,,,,,,,,,,,,,,,,,,,,,,,,,,,,,,,,,
236,hombres,men,,,,,,,,,,,,,,,,,,,,,,,,,,,,,,,,,,,,,,,,
237,hacerlo,do,,,,,,,,,,,,,,,,,,,,,,,,,,,,,,,,,,,,,,,,
238,demasiado,too,,,,,,,,,,,,,,,,,,,,,,,,,,,,,,,,,,,,,,,,
239,haces,do,,,,,,,,,,,,,,,,,,,,,,,,,,,,,,,,,,,,,,,,
240,dicho,saying,,,,,,,,,,,,,,,,,,,,,,,,,,,,,,,,,,,,,,,,
241,quien,whoever,,,,,,,,,,,,,,,,,,,,,,,,,,,,,,,,,,,,,,,,
242,saber,know,,,,,,,,,,,,,,,,,,,,,,,,,,,,,,,,,,,,,,,,
243,ah,ah,,,,,,,,,,,,,,,,,,,,,,,,,,,,,,,,,,,,,,,,
244,entre,between,,,,,,,,,,,,,,,,,,,,,,,,,,,,,,,,,,,,,,,,
245,adios,adieu,,,,,,,,,,,,,,,,,,,,,,,,,,,,,,,,,,,,,,,,
246,vaya,go,,,,,,,,,,,,,,,,,,,,,,,,,,,,,,,,,,,,,,,,
247,unos,about,,,,,,,,,,,,,,,,,,,,,,,,,,,,,,,,,,,,,,,,
248,cierto,certain,,,,,,,,,,,,,,,,,,,,,,,,,,,,,,,,,,,,,,,,
249,debo,I,,,,,,,,,,,,,,,,,,,,,,,,,,,,,,,,,,,,,,,,
250,problema,problem,,,,,,,,,,,,,,,,,,,,,,,,,,,,,,,,,,,,,,,,
251,razon,reason,,,,,,,,,,,,,,,,,,,,,,,,,,,,,,,,,,,,,,,,
252,esos,those,,,,,,,,,,,,,,,,,,,,,,,,,,,,,,,,,,,,,,,,
253,alguna,any,,,,,,,,,,,,,,,,,,,,,,,,,,,,,,,,,,,,,,,,
254,pues,for,,,,,,,,,,,,,,,,,,,,,,,,,,,,,,,,,,,,,,,,
255,quizas,perhaps,,,,,,,,,,,,,,,,,,,,,,,,,,,,,,,,,,,,,,,,
256,hemos,we,,,,,,,,,,,,,,,,,,,,,,,,,,,,,,,,,,,,,,,,
257,idea,idea,,,,,,,,,,,,,,,,,,,,,,,,,,,,,,,,,,,,,,,,
258,veo,see,,,,,,,,,,,,,,,,,,,,,,,,,,,,,,,,,,,,,,,,
259,chica,girl,,,,,,,,,,,,,,,,,,,,,,,,,,,,,,,,,,,,,,,,
260,policia,police,,,,,,,,,,,,,,,,,,,,,,,,,,,,,,,,,,,,,,,,
261,amigos,people,,,,,,,,,,,,,,,,,,,,,,,,,,,,,,,,,,,,,,,,
262,hizo,made,,,,,,,,,,,,,,,,,,,,,,,,,,,,,,,,,,,,,,,,
263,serio,serious,,,,,,,,,,,,,,,,,,,,,,,,,,,,,,,,,,,,,,,,
264,realmente,really,,,,,,,,,,,,,,,,,,,,,,,,,,,,,,,,,,,,,,,,
265,ustedes,you,,,,,,,,,,,,,,,,,,,,,,,,,,,,,,,,,,,,,,,,
266,estos,these,,,,,,,,,,,,,,,,,,,,,,,,,,,,,,,,,,,,,,,,
267,cabeza,head,,,,,,,,,,,,,,,,,,,,,,,,,,,,,,,,,,,,,,,,
268,digo,say,,,,,,,,,,,,,,,,,,,,,,,,,,,,,,,,,,,,,,,,
269,hermano,brother,,,,,,,,,,,,,,,,,,,,,,,,,,,,,,,,,,,,,,,,
270,van,go,,,,,,,,,,,,,,,,,,,,,,,,,,,,,,,,,,,,,,,,
271,carino,affection,,,,,,,,,,,,,,,,,,,,,,,,,,,,,,,,,,,,,,,,
272,salir,leave,,,,,,,,,,,,,,,,,,,,,,,,,,,,,,,,,,,,,,,,
273,vale,voucher,,,,,,,,,,,,,,,,,,,,,,,,,,,,,,,,,,,,,,,,
274,familia,family,,,,,,,,,,,,,,,,,,,,,,,,,,,,,,,,,,,,,,,,
275,pasado,last,,,,,,,,,,,,,,,,,,,,,,,,,,,,,,,,,,,,,,,,
276,cuenta,account,,,,,,,,,,,,,,,,,,,,,,,,,,,,,,,,,,,,,,,,
277,muchas,many,,,,,,,,,,,,,,,,,,,,,,,,,,,,,,,,,,,,,,,,
278,algun,some,,,,,,,,,,,,,,,,,,,,,,,,,,,,,,,,,,,,,,,,
279,somos,Us,,,,,,,,,,,,,,,,,,,,,,,,,,,,,,,,,,,,,,,,
280,senora,Mrs.,,,,,,,,,,,,,,,,,,,,,,,,,,,,,,,,,,,,,,,,
281,pueden,can,,,,,,,,,,,,,,,,,,,,,,,,,,,,,,,,,,,,,,,,
282,muerto,dead,,,,,,,,,,,,,,,,,,,,,,,,,,,,,,,,,,,,,,,,
283,viejo,old,,,,,,,,,,,,,,,,,,,,,,,,,,,,,,,,,,,,,,,,
284,noches,nights,,,,,,,,,,,,,,,,,,,,,,,,,,,,,,,,,,,,,,,,
285,lado,side,,,,,,,,,,,,,,,,,,,,,,,,,,,,,,,,,,,,,,,,
286,deberia,should,,,,,,,,,,,,,,,,,,,,,,,,,,,,,,,,,,,,,,,,
287,todavia,yet,,,,,,,,,,,,,,,,,,,,,,,,,,,,,,,,,,,,,,,,
288,sabia,knew,,,,,,,,,,,,,,,,,,,,,,,,,,,,,,,,,,,,,,,,
289,rapido,fast,,,,,,,,,,,,,,,,,,,,,,,,,,,,,,,,,,,,,,,,
290,ves,see,,,,,,,,,,,,,,,,,,,,,,,,,,,,,,,,,,,,,,,,
291,ud,you,,,,,,,,,,,,,,,,,,,,,,,,,,,,,,,,,,,,,,,,
292,suerte,luck,,,,,,,,,,,,,,,,,,,,,,,,,,,,,,,,,,,,,,,,
293,cuidado,care,,,,,,,,,,,,,,,,,,,,,,,,,,,,,,,,,,,,,,,,
294,seria,would,,,,,,,,,,,,,,,,,,,,,,,,,,,,,,,,,,,,,,,,
295,mientras,while,,,,,,,,,,,,,,,,,,,,,,,,,,,,,,,,,,,,,,,,
296,da,gives,,,,,,,,,,,,,,,,,,,,,,,,,,,,,,,,,,,,,,,,
297,primera,first,,,,,,,,,,,,,,,,,,,,,,,,,,,,,,,,,,,,,,,,
298,nueva,new,,,,,,,,,,,,,,,,,,,,,,,,,,,,,,,,,,,,,,,,
299,miedo,fear,,,,,,,,,,,,,,,,,,,,,,,,,,,,,,,,,,,,,,,,
300,buenos,good,,,,,,,,,,,,,,,,,,,,,,,,,,,,,,,,,,,,,,,,
301,puerta,door,,,,,,,,,,,,,,,,,,,,,,,,,,,,,,,,,,,,,,,,
302,e,and,,,,,,,,,,,,,,,,,,,,,,,,,,,,,,,,,,,,,,,,
303,contra,against,,,,,,,,,,,,,,,,,,,,,,,,,,,,,,,,,,,,,,,,
304,casi,almost,,,,,,,,,,,,,,,,,,,,,,,,,,,,,,,,,,,,,,,,
305,cuanto,how,,,,,,,,,,,,,,,,,,,,,,,,,,,,,,,,,,,,,,,,
306,esas,those,,,,,,,,,,,,,,,,,,,,,,,,,,,,,,,,,,,,,,,,
307,espero,hope,,,,,,,,,,,,,,,,,,,,,,,,,,,,,,,,,,,,,,,,
308,pronto,soon,,,,,,,,,,,,,,,,,,,,,,,,,,,,,,,,,,,,,,,,
309,venga,come,,,,,,,,,,,,,,,,,,,,,,,,,,,,,,,,,,,,,,,,
310,chico,boy,,,,,,,,,,,,,,,,,,,,,,,,,,,,,,,,,,,,,,,,
311,nieto,children,,,,,,,,,,,,,,,,,,,,,,,,,,,,,,,,,,,,,,,,
312,agua,water,,,,,,,,,,,,,,,,,,,,,,,,,,,,,,,,,,,,,,,,
313,pasa,passed,,,,,,,,,,,,,,,,,,,,,,,,,,,,,,,,,,,,,,,,
314,cualquier,any,,,,,,,,,,,,,,,,,,,,,,,,,,,,,,,,,,,,,,,,
315,pense,I,,,,,,,,,,,,,,,,,,,,,,,,,,,,,,,,,,,,,,,,
316,ciudad,city,,,,,,,,,,,,,,,,,,,,,,,,,,,,,,,,,,,,,,,,
317,primero,first,,,,,,,,,,,,,,,,,,,,,,,,,,,,,,,,,,,,,,,,
318,hacia,to,,,,,,,,,,,,,,,,,,,,,,,,,,,,,,,,,,,,,,,,
319,historia,history,,,,,,,,,,,,,,,,,,,,,,,,,,,,,,,,,,,,,,,,
320,camino,road,,,,,,,,,,,,,,,,,,,,,,,,,,,,,,,,,,,,,,,,
321,debes,you,,,,,,,,,,,,,,,,,,,,,,,,,,,,,,,,,,,,,,,,
322,deja,leaves,,,,,,,,,,,,,,,,,,,,,,,,,,,,,,,,,,,,,,,,
323,dentro,within,,,,,,,,,,,,,,,,,,,,,,,,,,,,,,,,,,,,,,,,
324,viene,comes,,,,,,,,,,,,,,,,,,,,,,,,,,,,,,,,,,,,,,,,
325,ano,year,,,,,,,,,,,,,,,,,,,,,,,,,,,,,,,,,,,,,,,,
326,forma,form,,,,,,,,,,,,,,,,,,,,,,,,,,,,,,,,,,,,,,,,
327,guerra,war,,,,,,,,,,,,,,,,,,,,,,,,,,,,,,,,,,,,,,,,
328,durante,during,,,,,,,,,,,,,,,,,,,,,,,,,,,,,,,,,,,,,,,,
329,esposa,wife,,,,,,,,,,,,,,,,,,,,,,,,,,,,,,,,,,,,,,,,
330,volver,return,,,,,,,,,,,,,,,,,,,,,,,,,,,,,,,,,,,,,,,,
331,feliz,happy,,,,,,,,,,,,,,,,,,,,,,,,,,,,,,,,,,,,,,,,
332,cual,what,,,,,,,,,,,,,,,,,,,,,,,,,,,,,,,,,,,,,,,,
333,adelante,forward,,,,,,,,,,,,,,,,,,,,,,,,,,,,,,,,,,,,,,,,
334,alli,there,,,,,,,,,,,,,,,,,,,,,,,,,,,,,,,,,,,,,,,,
335,ojos,eyes,,,,,,,,,,,,,,,,,,,,,,,,,,,,,,,,,,,,,,,,
336,hice,I,,,,,,,,,,,,,,,,,,,,,,,,,,,,,,,,,,,,,,,,
337,caso,case,,,,,,,,,,,,,,,,,,,,,,,,,,,,,,,,,,,,,,,,
338,vi,vi,,,,,,,,,,,,,,,,,,,,,,,,,,,,,,,,,,,,,,,,
339,mano,hand,,,,,,,,,,,,,,,,,,,,,,,,,,,,,,,,,,,,,,,,
340,chicos,boys,,,,,,,,,,,,,,,,,,,,,,,,,,,,,,,,,,,,,,,,
341,minutos,minutes,,,,,,,,,,,,,,,,,,,,,,,,,,,,,,,,,,,,,,,,
342,muerte,death,,,,,,,,,,,,,,,,,,,,,,,,,,,,,,,,,,,,,,,,
343,toma,take,,,,,,,,,,,,,,,,,,,,,,,,,,,,,,,,,,,,,,,,
344,gustaria,like,,,,,,,,,,,,,,,,,,,,,,,,,,,,,,,,,,,,,,,,
345,hare,will,,,,,,,,,,,,,,,,,,,,,,,,,,,,,,,,,,,,,,,,
346,semana,week,,,,,,,,,,,,,,,,,,,,,,,,,,,,,,,,,,,,,,,,
347,loco,crazy,,,,,,,,,,,,,,,,,,,,,,,,,,,,,,,,,,,,,,,,
348,supuesto,supposed,,,,,,,,,,,,,,,,,,,,,,,,,,,,,,,,,,,,,,,,
349,pasar,pass,,,,,,,,,,,,,,,,,,,,,,,,,,,,,,,,,,,,,,,,
350,entiendo,understand,,,,,,,,,,,,,,,,,,,,,,,,,,,,,,,,,,,,,,,,
351,iba,would,,,,,,,,,,,,,,,,,,,,,,,,,,,,,,,,,,,,,,,,
352,jefe,chief,,,,,,,,,,,,,,,,,,,,,,,,,,,,,,,,,,,,,,,,
353,manos,hands,,,,,,,,,,,,,,,,,,,,,,,,,,,,,,,,,,,,,,,,
354,corazon,heart,,,,,,,,,,,,,,,,,,,,,,,,,,,,,,,,,,,,,,,,
355,venir,come,,,,,,,,,,,,,,,,,,,,,,,,,,,,,,,,,,,,,,,,
356,supongo,I,,,,,,,,,,,,,,,,,,,,,,,,,,,,,,,,,,,,,,,,
357,problemas,problems,,,,,,,,,,,,,,,,,,,,,,,,,,,,,,,,,,,,,,,,
358,ayuda,help,,,,,,,,,,,,,,,,,,,,,,,,,,,,,,,,,,,,,,,,
359,dejame,let,,,,,,,,,,,,,,,,,,,,,,,,,,,,,,,,,,,,,,,,
360,vete,go,,,,,,,,,,,,,,,,,,,,,,,,,,,,,,,,,,,,,,,,
361,juntos,together,,,,,,,,,,,,,,,,,,,,,,,,,,,,,,,,,,,,,,,,
362,nieta,child,,,,,,,,,,,,,,,,,,,,,,,,,,,,,,,,,,,,,,,,
363,importante,important,,,,,,,,,,,,,,,,,,,,,,,,,,,,,,,,,,,,,,,,
364,arriba,up,,,,,,,,,,,,,,,,,,,,,,,,,,,,,,,,,,,,,,,,
365,senora,misses,,,,,,,,,,,,,,,,,,,,,,,,,,,,,,,,,,,,,,,,
366,otros,others,,,,,,,,,,,,,,,,,,,,,,,,,,,,,,,,,,,,,,,,
367,hija,daughter,,,,,,,,,,,,,,,,,,,,,,,,,,,,,,,,,,,,,,,,
368,cinco,five,,,,,,,,,,,,,,,,,,,,,,,,,,,,,,,,,,,,,,,,
369,mas,more,,,,,,,,,,,,,,,,,,,,,,,,,,,,,,,,,,,,,,,,
370,fin,end,,,,,,,,,,,,,,,,,,,,,,,,,,,,,,,,,,,,,,,,
371,personas,people,,,,,,,,,,,,,,,,,,,,,,,,,,,,,,,,,,,,,,,,
372,hablando,talking,,,,,,,,,,,,,,,,,,,,,,,,,,,,,,,,,,,,,,,,
373,cara,face,,,,,,,,,,,,,,,,,,,,,,,,,,,,,,,,,,,,,,,,
374,habla,speech,,,,,,,,,,,,,,,,,,,,,,,,,,,,,,,,,,,,,,,,
375,mujeres,women,,,,,,,,,,,,,,,,,,,,,,,,,,,,,,,,,,,,,,,,
376,llama,flame,,,,,,,,,,,,,,,,,,,,,,,,,,,,,,,,,,,,,,,,
377,cuando,when,,,,,,,,,,,,,,,,,,,,,,,,,,,,,,,,,,,,,,,,
378,ningun,no,,,,,,,,,,,,,,,,,,,,,,,,,,,,,,,,,,,,,,,,
379,tierra,land,,,,,,,,,,,,,,,,,,,,,,,,,,,,,,,,,,,,,,,,
380,grande,large,,,,,,,,,,,,,,,,,,,,,,,,,,,,,,,,,,,,,,,,
381,manera,way,,,,,,,,,,,,,,,,,,,,,,,,,,,,,,,,,,,,,,,,
382,bajo,low,,,,,,,,,,,,,,,,,,,,,,,,,,,,,,,,,,,,,,,,
383,nuestros,our,,,,,,,,,,,,,,,,,,,,,,,,,,,,,,,,,,,,,,,,
384,persona,person,,,,,,,,,,,,,,,,,,,,,,,,,,,,,,,,,,,,,,,,
385,dices,say,,,,,,,,,,,,,,,,,,,,,,,,,,,,,,,,,,,,,,,,
386,tio,uncle,,,,,,,,,,,,,,,,,,,,,,,,,,,,,,,,,,,,,,,,
387,io,io,,,,,,,,,,,,,,,,,,,,,,,,,,,,,,,,,,,,,,,,
388,horas,hours,,,,,,,,,,,,,,,,,,,,,,,,,,,,,,,,,,,,,,,,
389,dijiste,said,,,,,,,,,,,,,,,,,,,,,,,,,,,,,,,,,,,,,,,,
390,auto,auto,,,,,,,,,,,,,,,,,,,,,,,,,,,,,,,,,,,,,,,,
391,escucha,listening,,,,,,,,,,,,,,,,,,,,,,,,,,,,,,,,,,,,,,,,
392,único,only,,,,,,,,,,,,,,,,,,,,,,,,,,,,,,,,,,,,,,,,
393,poder,power,,,,,,,,,,,,,,,,,,,,,,,,,,,,,,,,,,,,,,,,
394,quieren,want,,,,,,,,,,,,,,,,,,,,,,,,,,,,,,,,,,,,,,,,
395,siquiera,at least,,,,,,,,,,,,,,,,,,,,,,,,,,,,,,,,,,,,,,,,
396,debemos,we,,,,,,,,,,,,,,,,,,,,,,,,,,,,,,,,,,,,,,,,
397,quizas,perhaps,,,,,,,,,,,,,,,,,,,,,,,,,,,,,,,,,,,,,,,,
398,aunque,although,,,,,,,,,,,,,,,,,,,,,,,,,,,,,,,,,,,,,,,,
399,cuatro,four,,,,,,,,,,,,,,,,,,,,,,,,,,,,,,,,,,,,,,,,
400,cerca,close,,,,,,,,,,,,,,,,,,,,,,,,,,,,,,,,,,,,,,,,
401,cree,cree,,,,,,,,,,,,,,,,,,,,,,,,,,,,,,,,,,,,,,,,
402,sigue,continues,,,,,,,,,,,,,,,,,,,,,,,,,,,,,,,,,,,,,,,,
403,dame,gimme,,,,,,,,,,,,,,,,,,,,,,,,,,,,,,,,,,,,,,,,
404,ninguna,no,,,,,,,,,,,,,,,,,,,,,,,,,,,,,,,,,,,,,,,,
405,listo,ready,,,,,,,,,,,,,,,,,,,,,,,,,,,,,,,,,,,,,,,,
406,igual,equal,,,,,,,,,,,,,,,,,,,,,,,,,,,,,,,,,,,,,,,,
407,muchos,many,,,,,,,,,,,,,,,,,,,,,,,,,,,,,,,,,,,,,,,,
408,pequeno,small,,,,,,,,,,,,,,,,,,,,,,,,,,,,,,,,,,,,,,,,
409,significa,means,,,,,,,,,,,,,,,,,,,,,,,,,,,,,,,,,,,,,,,,
410,dejar,leave,,,,,,,,,,,,,,,,,,,,,,,,,,,,,,,,,,,,,,,,
411,hago,I,,,,,,,,,,,,,,,,,,,,,,,,,,,,,,,,,,,,,,,,
412,clase,class,,,,,,,,,,,,,,,,,,,,,,,,,,,,,,,,,,,,,,,,
413,capitan,captain,,,,,,,,,,,,,,,,,,,,,,,,,,,,,,,,,,,,,,,,
414,doctor,doctor,,,,,,,,,,,,,,,,,,,,,,,,,,,,,,,,,,,,,,,,
415,llegar,get,,,,,,,,,,,,,,,,,,,,,,,,,,,,,,,,,,,,,,,,
416,genial,brilliant,,,,,,,,,,,,,,,,,,,,,,,,,,,,,,,,,,,,,,,,
417,suficiente,enough,,,,,,,,,,,,,,,,,,,,,,,,,,,,,,,,,,,,,,,,
418,trabajar,work,,,,,,,,,,,,,,,,,,,,,,,,,,,,,,,,,,,,,,,,
419,tomar,take,,,,,,,,,,,,,,,,,,,,,,,,,,,,,,,,,,,,,,,,
420,joven,young,,,,,,,,,,,,,,,,,,,,,,,,,,,,,,,,,,,,,,,,
421,vivir,live,,,,,,,,,,,,,,,,,,,,,,,,,,,,,,,,,,,,,,,,
422,abajo,below,,,,,,,,,,,,,,,,,,,,,,,,,,,,,,,,,,,,,,,,
423,haya,beech,,,,,,,,,,,,,,,,,,,,,,,,,,,,,,,,,,,,,,,,
424,justo,just,,,,,,,,,,,,,,,,,,,,,,,,,,,,,,,,,,,,,,,,
425,hubiera,would,,,,,,,,,,,,,,,,,,,,,,,,,,,,,,,,,,,,,,,,
426,primer,first,,,,,,,,,,,,,,,,,,,,,,,,,,,,,,,,,,,,,,,,
427,numero,number,,,,,,,,,,,,,,,,,,,,,,,,,,,,,,,,,,,,,,,,
428,necesita,need,,,,,,,,,,,,,,,,,,,,,,,,,,,,,,,,,,,,,,,,
429,pensar,think,,,,,,,,,,,,,,,,,,,,,,,,,,,,,,,,,,,,,,,,
430,puta,bitch,,,,,,,,,,,,,,,,,,,,,,,,,,,,,,,,,,,,,,,,
431,fui,I,,,,,,,,,,,,,,,,,,,,,,,,,,,,,,,,,,,,,,,,
432,entrar,enter,,,,,,,,,,,,,,,,,,,,,,,,,,,,,,,,,,,,,,,,
433,conozco,know,,,,,,,,,,,,,,,,,,,,,,,,,,,,,,,,,,,,,,,,
434,misma,same,,,,,,,,,,,,,,,,,,,,,,,,,,,,,,,,,,,,,,,,
435,fuerte,strong,,,,,,,,,,,,,,,,,,,,,,,,,,,,,,,,,,,,,,,,
436,senorita,Miss,,,,,,,,,,,,,,,,,,,,,,,,,,,,,,,,,,,,,,,,
437,basta,enough,,,,,,,,,,,,,,,,,,,,,,,,,,,,,,,,,,,,,,,,
438,comer,eat,,,,,,,,,,,,,,,,,,,,,,,,,,,,,,,,,,,,,,,,
439,algunos,some,,,,,,,,,,,,,,,,,,,,,,,,,,,,,,,,,,,,,,,,
440,morir,die,,,,,,,,,,,,,,,,,,,,,,,,,,,,,,,,,,,,,,,,
441,este,this,,,,,,,,,,,,,,,,,,,,,,,,,,,,,,,,,,,,,,,,
442,atras,back,,,,,,,,,,,,,,,,,,,,,,,,,,,,,,,,,,,,,,,,
443,dicen,say,,,,,,,,,,,,,,,,,,,,,,,,,,,,,,,,,,,,,,,,
444,dificil,difficult,,,,,,,,,,,,,,,,,,,,,,,,,,,,,,,,,,,,,,,,
445,amo,owner,,,,,,,,,,,,,,,,,,,,,,,,,,,,,,,,,,,,,,,,
446,vino,wine,,,,,,,,,,,,,,,,,,,,,,,,,,,,,,,,,,,,,,,,
447,dar,give,,,,,,,,,,,,,,,,,,,,,,,,,,,,,,,,,,,,,,,,
448,bastante,quite,,,,,,,,,,,,,,,,,,,,,,,,,,,,,,,,,,,,,,,,
449,unas,some,,,,,,,,,,,,,,,,,,,,,,,,,,,,,,,,,,,,,,,,
450,pueda,can,,,,,,,,,,,,,,,,,,,,,,,,,,,,,,,,,,,,,,,,
451,punto,point,,,,,,,,,,,,,,,,,,,,,,,,,,,,,,,,,,,,,,,,
452,hijos,offspring,,,,,,,,,,,,,,,,,,,,,,,,,,,,,,,,,,,,,,,,
453,podia,could,,,,,,,,,,,,,,,,,,,,,,,,,,,,,,,,,,,,,,,,
454,final,final,,,,,,,,,,,,,,,,,,,,,,,,,,,,,,,,,,,,,,,,
455,hermana,sister,,,,,,,,,,,,,,,,,,,,,,,,,,,,,,,,,,,,,,,,
456,meses,months,,,,,,,,,,,,,,,,,,,,,,,,,,,,,,,,,,,,,,,,
457,sangre,blood,,,,,,,,,,,,,,,,,,,,,,,,,,,,,,,,,,,,,,,,
458,escuela,school,,,,,,,,,,,,,,,,,,,,,,,,,,,,,,,,,,,,,,,,
459,haga,do,,,,,,,,,,,,,,,,,,,,,,,,,,,,,,,,,,,,,,,,
460,realidad,reality,,,,,,,,,,,,,,,,,,,,,,,,,,,,,,,,,,,,,,,,
461,queda,is,,,,,,,,,,,,,,,,,,,,,,,,,,,,,,,,,,,,,,,,
462,pueblo,people,,,,,,,,,,,,,,,,,,,,,,,,,,,,,,,,,,,,,,,,
463,hiciste,did,,,,,,,,,,,,,,,,,,,,,,,,,,,,,,,,,,,,,,,,
464,ultima,last,,,,,,,,,,,,,,,,,,,,,,,,,,,,,,,,,,,,,,,,
465,coche,car,,,,,,,,,,,,,,,,,,,,,,,,,,,,,,,,,,,,,,,,
466,juego,game,,,,,,,,,,,,,,,,,,,,,,,,,,,,,,,,,,,,,,,,
467,dime,tell,,,,,,,,,,,,,,,,,,,,,,,,,,,,,,,,,,,,,,,,
468,paz,peace,,,,,,,,,,,,,,,,,,,,,,,,,,,,,,,,,,,,,,,,
469,encontrar,find,,,,,,,,,,,,,,,,,,,,,,,,,,,,,,,,,,,,,,,,
470,cuerpo,body,,,,,,,,,,,,,,,,,,,,,,,,,,,,,,,,,,,,,,,,
471,eran,were,,,,,,,,,,,,,,,,,,,,,,,,,,,,,,,,,,,,,,,,
472,ay,oh,,,,,,,,,,,,,,,,,,,,,,,,,,,,,,,,,,,,,,,,
473,dolares,dollars,,,,,,,,,,,,,,,,,,,,,,,,,,,,,,,,,,,,,,,,
474,vuelta,return,,,,,,,,,,,,,,,,,,,,,,,,,,,,,,,,,,,,,,,,
475,mayor,higher,,,,,,,,,,,,,,,,,,,,,,,,,,,,,,,,,,,,,,,,
476,ire,go,,,,,,,,,,,,,,,,,,,,,,,,,,,,,,,,,,,,,,,,
477,sola,single,,,,,,,,,,,,,,,,,,,,,,,,,,,,,,,,,,,,,,,,
478,tenido,held,,,,,,,,,,,,,,,,,,,,,,,,,,,,,,,,,,,,,,,,
479,hacen,do,,,,,,,,,,,,,,,,,,,,,,,,,,,,,,,,,,,,,,,,
480,malo,bad,,,,,,,,,,,,,,,,,,,,,,,,,,,,,,,,,,,,,,,,
481,doctor,doctor,,,,,,,,,,,,,,,,,,,,,,,,,,,,,,,,,,,,,,,,
482,maldita,damn,,,,,,,,,,,,,,,,,,,,,,,,,,,,,,,,,,,,,,,,
483,maldito,damn,,,,,,,,,,,,,,,,,,,,,,,,,,,,,,,,,,,,,,,,
484,alto,high,,,,,,,,,,,,,,,,,,,,,,,,,,,,,,,,,,,,,,,,
485,saben,know,,,,,,,,,,,,,,,,,,,,,,,,,,,,,,,,,,,,,,,,
486,deberias,should,,,,,,,,,,,,,,,,,,,,,,,,,,,,,,,,,,,,,,,,
487,facil,easy,,,,,,,,,,,,,,,,,,,,,,,,,,,,,,,,,,,,,,,,
488,comida,food,,,,,,,,,,,,,,,,,,,,,,,,,,,,,,,,,,,,,,,,
489,chicas,girls,,,,,,,,,,,,,,,,,,,,,,,,,,,,,,,,,,,,,,,,
490,querida,mistress,,,,,,,,,,,,,,,,,,,,,,,,,,,,,,,,,,,,,,,,
491,pregunta,question,,,,,,,,,,,,,,,,,,,,,,,,,,,,,,,,,,,,,,,,
492,culpa,fault,,,,,,,,,,,,,,,,,,,,,,,,,,,,,,,,,,,,,,,,
493,dormir,sleep,,,,,,,,,,,,,,,,,,,,,,,,,,,,,,,,,,,,,,,,
494,ido,gone,,,,,,,,,,,,,,,,,,,,,,,,,,,,,,,,,,,,,,,,
495,fiesta,party,,,,,,,,,,,,,,,,,,,,,,,,,,,,,,,,,,,,,,,,
496,posible,possible,,,,,,,,,,,,,,,,,,,,,,,,,,,,,,,,,,,,,,,,
497,ok,ok,,,,,,,,,,,,,,,,,,,,,,,,,,,,,,,,,,,,,,,,
498,diablos,Devils,,,,,,,,,,,,,,,,,,,,,,,,,,,,,,,,,,,,,,,,
499,medio,medium,,,,,,,,,,,,,,,,,,,,,,,,,,,,,,,,,,,,,,,,
500,tampoco,neither,,,,,,,,,,,,,,,,,,,,,,,,,,,,,,,,,,,,,,,,
501,cama,bed,,,,,,,,,,,,,,,,,,,,,,,,,,,,,,,,,,,,,,,,
502,telefono,phone,,,,,,,,,,,,,,,,,,,,,,,,,,,,,,,,,,,,,,,,
503,equipo,team,,,,,,,,,,,,,,,,,,,,,,,,,,,,,,,,,,,,,,,,
504,adónde,where,,,,,,,,,,,,,,,,,,,,,,,,,,,,,,,,,,,,,,,,
505,lejos,away,,,,,,,,,,,,,,,,,,,,,,,,,,,,,,,,,,,,,,,,
506,palabra,word,,,,,,,,,,,,,,,,,,,,,,,,,,,,,,,,,,,,,,,,
507,diga,say,,,,,,,,,,,,,,,,,,,,,,,,,,,,,,,,,,,,,,,,
508,trata,is,,,,,,,,,,,,,,,,,,,,,,,,,,,,,,,,,,,,,,,,
509,matar,kill,,,,,,,,,,,,,,,,,,,,,,,,,,,,,,,,,,,,,,,,
510,preocupes,worry,,,,,,,,,,,,,,,,,,,,,,,,,,,,,,,,,,,,,,,,
511,pais,country,,,,,,,,,,,,,,,,,,,,,,,,,,,,,,,,,,,,,,,,
512,segundo,second,,,,,,,,,,,,,,,,,,,,,,,,,,,,,,,,,,,,,,,,
513,tuve,had,,,,,,,,,,,,,,,,,,,,,,,,,,,,,,,,,,,,,,,,
514,oportunidad,opportunity,,,,,,,,,,,,,,,,,,,,,,,,,,,,,,,,,,,,,,,,
515,esta,is,,,,,,,,,,,,,,,,,,,,,,,,,,,,,,,,,,,,,,,,
516,luz,light,,,,,,,,,,,,,,,,,,,,,,,,,,,,,,,,,,,,,,,,
517,necesitamos,need,,,,,,,,,,,,,,,,,,,,,,,,,,,,,,,,,,,,,,,,
518,seis,six,,,,,,,,,,,,,,,,,,,,,,,,,,,,,,,,,,,,,,,,
519,incluso,even,,,,,,,,,,,,,,,,,,,,,,,,,,,,,,,,,,,,,,,,
520,hagas,do,,,,,,,,,,,,,,,,,,,,,,,,,,,,,,,,,,,,,,,,
521,verte,see,,,,,,,,,,,,,,,,,,,,,,,,,,,,,,,,,,,,,,,,
522,esperando,hoping,,,,,,,,,,,,,,,,,,,,,,,,,,,,,,,,,,,,,,,,
523,idiota,idiot,,,,,,,,,,,,,,,,,,,,,,,,,,,,,,,,,,,,,,,,
524,cuarto,fourth,,,,,,,,,,,,,,,,,,,,,,,,,,,,,,,,,,,,,,,,
525,estará,will,,,,,,,,,,,,,,,,,,,,,,,,,,,,,,,,,,,,,,,,
526,algunas,some,,,,,,,,,,,,,,,,,,,,,,,,,,,,,,,,,,,,,,,,
527,querido,dear,,,,,,,,,,,,,,,,,,,,,,,,,,,,,,,,,,,,,,,,
528,senorita,Ms.,,,,,,,,,,,,,,,,,,,,,,,,,,,,,,,,,,,,,,,,
529,esta,this,,,,,,,,,,,,,,,,,,,,,,,,,,,,,,,,,,,,,,,,
530,cuanto,that,,,,,,,,,,,,,,,,,,,,,,,,,,,,,,,,,,,,,,,,
531,perdon,forgiveness,,,,,,,,,,,,,,,,,,,,,,,,,,,,,,,,,,,,,,,,
532,estabas,were,,,,,,,,,,,,,,,,,,,,,,,,,,,,,,,,,,,,,,,,
533,vivo,live,,,,,,,,,,,,,,,,,,,,,,,,,,,,,,,,,,,,,,,,
534,recuerdo,memory,,,,,,,,,,,,,,,,,,,,,,,,,,,,,,,,,,,,,,,,
535,fueron,were,,,,,,,,,,,,,,,,,,,,,,,,,,,,,,,,,,,,,,,,
536,carajo,fuck,,,,,,,,,,,,,,,,,,,,,,,,,,,,,,,,,,,,,,,,
537,necesitas,need,,,,,,,,,,,,,,,,,,,,,,,,,,,,,,,,,,,,,,,,
538,tenga,have,,,,,,,,,,,,,,,,,,,,,,,,,,,,,,,,,,,,,,,,
539,pelicula,movie,,,,,,,,,,,,,,,,,,,,,,,,,,,,,,,,,,,,,,,,
540,creer,believe,,,,,,,,,,,,,,,,,,,,,,,,,,,,,,,,,,,,,,,,
541,falta,lack,,,,,,,,,,,,,,,,,,,,,,,,,,,,,,,,,,,,,,,,
542,cielo,sky,,,,,,,,,,,,,,,,,,,,,,,,,,,,,,,,,,,,,,,,
543,venido,come,,,,,,,,,,,,,,,,,,,,,,,,,,,,,,,,,,,,,,,,
544,general,general,,,,,,,,,,,,,,,,,,,,,,,,,,,,,,,,,,,,,,,,
545,oido,ear,,,,,,,,,,,,,,,,,,,,,,,,,,,,,,,,,,,,,,,,
546,pequena,small,,,,,,,,,,,,,,,,,,,,,,,,,,,,,,,,,,,,,,,,
547,perro,dog,,,,,,,,,,,,,,,,,,,,,,,,,,,,,,,,,,,,,,,,
548,rey,king,,,,,,,,,,,,,,,,,,,,,,,,,,,,,,,,,,,,,,,,
549,esperar,wait,,,,,,,,,,,,,,,,,,,,,,,,,,,,,,,,,,,,,,,,
550,pienso,feed,,,,,,,,,,,,,,,,,,,,,,,,,,,,,,,,,,,,,,,,
551,lista,list,,,,,,,,,,,,,,,,,,,,,,,,,,,,,,,,,,,,,,,,
552,calle,street,,,,,,,,,,,,,,,,,,,,,,,,,,,,,,,,,,,,,,,,
553,fuego,fire,,,,,,,,,,,,,,,,,,,,,,,,,,,,,,,,,,,,,,,,
554,ademas,also,,,,,,,,,,,,,,,,,,,,,,,,,,,,,,,,,,,,,,,,
555,par,pair,,,,,,,,,,,,,,,,,,,,,,,,,,,,,,,,,,,,,,,,
556,habria,will,,,,,,,,,,,,,,,,,,,,,,,,,,,,,,,,,,,,,,,,
557,exactamente,exactly,,,,,,,,,,,,,,,,,,,,,,,,,,,,,,,,,,,,,,,,
558,pensando,thinking,,,,,,,,,,,,,,,,,,,,,,,,,,,,,,,,,,,,,,,,
559,padres,Parents,,,,,,,,,,,,,,,,,,,,,,,,,,,,,,,,,,,,,,,,
560,seguir,follow,,,,,,,,,,,,,,,,,,,,,,,,,,,,,,,,,,,,,,,,
561,mucha,much,,,,,,,,,,,,,,,,,,,,,,,,,,,,,,,,,,,,,,,,
562,marido,husband,,,,,,,,,,,,,,,,,,,,,,,,,,,,,,,,,,,,,,,,
563,habria,would,,,,,,,,,,,,,,,,,,,,,,,,,,,,,,,,,,,,,,,,
564,dire,tell,,,,,,,,,,,,,,,,,,,,,,,,,,,,,,,,,,,,,,,,
565,afuera,out,,,,,,,,,,,,,,,,,,,,,,,,,,,,,,,,,,,,,,,,
566,nieta,girl,,,,,,,,,,,,,,,,,,,,,,,,,,,,,,,,,,,,,,,,
567,podrias,could,,,,,,,,,,,,,,,,,,,,,,,,,,,,,,,,,,,,,,,,
568,paso,step,,,,,,,,,,,,,,,,,,,,,,,,,,,,,,,,,,,,,,,,
569,dio,gave,,,,,,,,,,,,,,,,,,,,,,,,,,,,,,,,,,,,,,,,
570,sentido,sense,,,,,,,,,,,,,,,,,,,,,,,,,,,,,,,,,,,,,,,,
571,habitación,room,,,,,,,,,,,,,,,,,,,,,,,,,,,,,,,,,,,,,,,,
572,café,coffee,,,,,,,,,,,,,,,,,,,,,,,,,,,,,,,,,,,,,,,,
573,mia,mine,,,,,,,,,,,,,,,,,,,,,,,,,,,,,,,,,,,,,,,,
574,digas,say,,,,,,,,,,,,,,,,,,,,,,,,,,,,,,,,,,,,,,,,
575,musica,music,,,,,,,,,,,,,,,,,,,,,,,,,,,,,,,,,,,,,,,,
576,murió,died,,,,,,,,,,,,,,,,,,,,,,,,,,,,,,,,,,,,,,,,
577,entiendes,understand,,,,,,,,,,,,,,,,,,,,,,,,,,,,,,,,,,,,,,,,
578,lleva,leads,,,,,,,,,,,,,,,,,,,,,,,,,,,,,,,,,,,,,,,,
579,estuvo,was,,,,,,,,,,,,,,,,,,,,,,,,,,,,,,,,,,,,,,,,
580,ultimo,last,,,,,,,,,,,,,,,,,,,,,,,,,,,,,,,,,,,,,,,,
581,bebi,baby,,,,,,,,,,,,,,,,,,,,,,,,,,,,,,,,,,,,,,,,
582,libro,book,,,,,,,,,,,,,,,,,,,,,,,,,,,,,,,,,,,,,,,,
583,nuestras,our,,,,,,,,,,,,,,,,,,,,,,,,,,,,,,,,,,,,,,,,
584,piensa,think,,,,,,,,,,,,,,,,,,,,,,,,,,,,,,,,,,,,,,,,
585,callate,Shut,,,,,,,,,,,,,,,,,,,,,,,,,,,,,,,,,,,,,,,,
586,arma,weapon,,,,,,,,,,,,,,,,,,,,,,,,,,,,,,,,,,,,,,,,
587,ello,it,,,,,,,,,,,,,,,,,,,,,,,,,,,,,,,,,,,,,,,,
588,jamas,never,,,,,,,,,,,,,,,,,,,,,,,,,,,,,,,,,,,,,,,,
589,aqui,here,,,,,,,,,,,,,,,,,,,,,,,,,,,,,,,,,,,,,,,,
590,diciendo,saying,,,,,,,,,,,,,,,,,,,,,,,,,,,,,,,,,,,,,,,,
591,muchachos,boys,,,,,,,,,,,,,,,,,,,,,,,,,,,,,,,,,,,,,,,,
592,grandes,large,,,,,,,,,,,,,,,,,,,,,,,,,,,,,,,,,,,,,,,,
593,minuto,minute,,,,,,,,,,,,,,,,,,,,,,,,,,,,,,,,,,,,,,,,
594,vuelve,returns,,,,,,,,,,,,,,,,,,,,,,,,,,,,,,,,,,,,,,,,
595,buscando,looking,,,,,,,,,,,,,,,,,,,,,,,,,,,,,,,,,,,,,,,,
596,diez,ten,,,,,,,,,,,,,,,,,,,,,,,,,,,,,,,,,,,,,,,,
597,vemos,see,,,,,,,,,,,,,,,,,,,,,,,,,,,,,,,,,,,,,,,,
598,sitio,site,,,,,,,,,,,,,,,,,,,,,,,,,,,,,,,,,,,,,,,,
599,gusto,taste,,,,,,,,,,,,,,,,,,,,,,,,,,,,,,,,,,,,,,,,
600,unica,only,,,,,,,,,,,,,,,,,,,,,,,,,,,,,,,,,,,,,,,,
601,sabemos,know,,,,,,,,,,,,,,,,,,,,,,,,,,,,,,,,,,,,,,,,
602,viaje,trip,,,,,,,,,,,,,,,,,,,,,,,,,,,,,,,,,,,,,,,,
603,jugar,play,,,,,,,,,,,,,,,,,,,,,,,,,,,,,,,,,,,,,,,,
604,irme,go,,,,,,,,,,,,,,,,,,,,,,,,,,,,,,,,,,,,,,,,
605,demas,other,,,,,,,,,,,,,,,,,,,,,,,,,,,,,,,,,,,,,,,,
606,peor,worse,,,,,,,,,,,,,,,,,,,,,,,,,,,,,,,,,,,,,,,,
607,orden,order,,,,,,,,,,,,,,,,,,,,,,,,,,,,,,,,,,,,,,,,
608,mil,thousand,,,,,,,,,,,,,,,,,,,,,,,,,,,,,,,,,,,,,,,,
609,ropa,clothing,,,,,,,,,,,,,,,,,,,,,,,,,,,,,,,,,,,,,,,,
610,muchacho,boy,,,,,,,,,,,,,,,,,,,,,,,,,,,,,,,,,,,,,,,,
611,dado,given,,,,,,,,,,,,,,,,,,,,,,,,,,,,,,,,,,,,,,,,
612,ocurre,occurs,,,,,,,,,,,,,,,,,,,,,,,,,,,,,,,,,,,,,,,,
613,cambio,change,,,,,,,,,,,,,,,,,,,,,,,,,,,,,,,,,,,,,,,,
614,extrano,strange,,,,,,,,,,,,,,,,,,,,,,,,,,,,,,,,,,,,,,,,
615,perdido,lost,,,,,,,,,,,,,,,,,,,,,,,,,,,,,,,,,,,,,,,,
616,pasando,passing,,,,,,,,,,,,,,,,,,,,,,,,,,,,,,,,,,,,,,,,
617,oficina,office,,,,,,,,,,,,,,,,,,,,,,,,,,,,,,,,,,,,,,,,
618,estaban,were,,,,,,,,,,,,,,,,,,,,,,,,,,,,,,,,,,,,,,,,
619,presidente,president,,,,,,,,,,,,,,,,,,,,,,,,,,,,,,,,,,,,,,,,
620,hara,will,,,,,,,,,,,,,,,,,,,,,,,,,,,,,,,,,,,,,,,,
621,caballeros,gentlemen,,,,,,,,,,,,,,,,,,,,,,,,,,,,,,,,,,,,,,,,
622,semanas,weeks,,,,,,,,,,,,,,,,,,,,,,,,,,,,,,,,,,,,,,,,
623,conoces,know,,,,,,,,,,,,,,,,,,,,,,,,,,,,,,,,,,,,,,,,
624,anoche,last,,,,,,,,,,,,,,,,,,,,,,,,,,,,,,,,,,,,,,,,
625,aca,here,,,,,,,,,,,,,,,,,,,,,,,,,,,,,,,,,,,,,,,,
626,queremos,we,,,,,,,,,,,,,,,,,,,,,,,,,,,,,,,,,,,,,,,,
627,libre,free,,,,,,,,,,,,,,,,,,,,,,,,,,,,,,,,,,,,,,,,
628,especial,special,,,,,,,,,,,,,,,,,,,,,,,,,,,,,,,,,,,,,,,,
629,sino,but,,,,,,,,,,,,,,,,,,,,,,,,,,,,,,,,,,,,,,,,
630,negro,black,,,,,,,,,,,,,,,,,,,,,,,,,,,,,,,,,,,,,,,,
631,derecho,right,,,,,,,,,,,,,,,,,,,,,,,,,,,,,,,,,,,,,,,,
632,palabras,words,,,,,,,,,,,,,,,,,,,,,,,,,,,,,,,,,,,,,,,,
633,millones,million,,,,,,,,,,,,,,,,,,,,,,,,,,,,,,,,,,,,,,,,
634,modo,mode,,,,,,,,,,,,,,,,,,,,,,,,,,,,,,,,,,,,,,,,
635,otras,other,,,,,,,,,,,,,,,,,,,,,,,,,,,,,,,,,,,,,,,,
636,pobre,poor,,,,,,,,,,,,,,,,,,,,,,,,,,,,,,,,,,,,,,,,
637,frente,front,,,,,,,,,,,,,,,,,,,,,,,,,,,,,,,,,,,,,,,,
638,buscar,search,,,,,,,,,,,,,,,,,,,,,,,,,,,,,,,,,,,,,,,,
639,piensas,think,,,,,,,,,,,,,,,,,,,,,,,,,,,,,,,,,,,,,,,,
640,hacemos,do,,,,,,,,,,,,,,,,,,,,,,,,,,,,,,,,,,,,,,,,
641,acerca,about,,,,,,,,,,,,,,,,,,,,,,,,,,,,,,,,,,,,,,,,
642,segura,safe,,,,,,,,,,,,,,,,,,,,,,,,,,,,,,,,,,,,,,,,
643,correcto,correct,,,,,,,,,,,,,,,,,,,,,,,,,,,,,,,,,,,,,,,,
644,disculpe,sorry,,,,,,,,,,,,,,,,,,,,,,,,,,,,,,,,,,,,,,,,
645,seas,be,,,,,,,,,,,,,,,,,,,,,,,,,,,,,,,,,,,,,,,,
646,llamar,call,,,,,,,,,,,,,,,,,,,,,,,,,,,,,,,,,,,,,,,,
647,armas,arms,,,,,,,,,,,,,,,,,,,,,,,,,,,,,,,,,,,,,,,,
648,sucede,happens,,,,,,,,,,,,,,,,,,,,,,,,,,,,,,,,,,,,,,,,
649,puesto,post,,,,,,,,,,,,,,,,,,,,,,,,,,,,,,,,,,,,,,,,
650,boca,mouth,,,,,,,,,,,,,,,,,,,,,,,,,,,,,,,,,,,,,,,,
651,atencion,attention,,,,,,,,,,,,,,,,,,,,,,,,,,,,,,,,,,,,,,,,
652,detras,behind,,,,,,,,,,,,,,,,,,,,,,,,,,,,,,,,,,,,,,,,
653,duro,hard,,,,,,,,,,,,,,,,,,,,,,,,,,,,,,,,,,,,,,,,
654,asunto,issue,,,,,,,,,,,,,,,,,,,,,,,,,,,,,,,,,,,,,,,,
655,mala,bad,,,,,,,,,,,,,,,,,,,,,,,,,,,,,,,,,,,,,,,,
656,demonios,demons,,,,,,,,,,,,,,,,,,,,,,,,,,,,,,,,,,,,,,,,
657,encima,above,,,,,,,,,,,,,,,,,,,,,,,,,,,,,,,,,,,,,,,,
658,odio,hate,,,,,,,,,,,,,,,,,,,,,,,,,,,,,,,,,,,,,,,,
659,seguridad,security,,,,,,,,,,,,,,,,,,,,,,,,,,,,,,,,,,,,,,,,
660,york,york,,,,,,,,,,,,,,,,,,,,,,,,,,,,,,,,,,,,,,,,
661,llevar,carry,,,,,,,,,,,,,,,,,,,,,,,,,,,,,,,,,,,,,,,,
662,hospital,hospital,,,,,,,,,,,,,,,,,,,,,,,,,,,,,,,,,,,,,,,,
663,deben,should,,,,,,,,,,,,,,,,,,,,,,,,,,,,,,,,,,,,,,,,
664,llamo,call,,,,,,,,,,,,,,,,,,,,,,,,,,,,,,,,,,,,,,,,
665,sueno,dream,,,,,,,,,,,,,,,,,,,,,,,,,,,,,,,,,,,,,,,,
666,resto,rest,,,,,,,,,,,,,,,,,,,,,,,,,,,,,,,,,,,,,,,,
667,tranquilo,quiet,,,,,,,,,,,,,,,,,,,,,,,,,,,,,,,,,,,,,,,,
668,mire,look,,,,,,,,,,,,,,,,,,,,,,,,,,,,,,,,,,,,,,,,
669,perfecto,perfect,,,,,,,,,,,,,,,,,,,,,,,,,,,,,,,,,,,,,,,,
670,quieras,want,,,,,,,,,,,,,,,,,,,,,,,,,,,,,,,,,,,,,,,,
671,perder,lose,,,,,,,,,,,,,,,,,,,,,,,,,,,,,,,,,,,,,,,,
672,ayudar,help,,,,,,,,,,,,,,,,,,,,,,,,,,,,,,,,,,,,,,,,
673,ese,that,,,,,,,,,,,,,,,,,,,,,,,,,,,,,,,,,,,,,,,,
674,estare,will be,,,,,,,,,,,,,,,,,,,,,,,,,,,,,,,,,,,,,,,,
675,dile,tell,,,,,,,,,,,,,,,,,,,,,,,,,,,,,,,,,,,,,,,,
676,tuvo,had,,,,,,,,,,,,,,,,,,,,,,,,,,,,,,,,,,,,,,,,
677,pena,penalty,,,,,,,,,,,,,,,,,,,,,,,,,,,,,,,,,,,,,,,,
678,increible,incredible,,,,,,,,,,,,,,,,,,,,,,,,,,,,,,,,,,,,,,,,
679,prueba,test,,,,,,,,,,,,,,,,,,,,,,,,,,,,,,,,,,,,,,,,
680,largo,long,,,,,,,,,,,,,,,,,,,,,,,,,,,,,,,,,,,,,,,,
681,probablemente,probably,,,,,,,,,,,,,,,,,,,,,,,,,,,,,,,,,,,,,,,,
682,recuerdas,remember,,,,,,,,,,,,,,,,,,,,,,,,,,,,,,,,,,,,,,,,
683,llamado,called,,,,,,,,,,,,,,,,,,,,,,,,,,,,,,,,,,,,,,,,
684,cual,which,,,,,,,,,,,,,,,,,,,,,,,,,,,,,,,,,,,,,,,,
685,veras,truth,,,,,,,,,,,,,,,,,,,,,,,,,,,,,,,,,,,,,,,,
686,quisiera,would,,,,,,,,,,,,,,,,,,,,,,,,,,,,,,,,,,,,,,,,
687,ayer,yesterday,,,,,,,,,,,,,,,,,,,,,,,,,,,,,,,,,,,,,,,,
688,plan,plan,,,,,,,,,,,,,,,,,,,,,,,,,,,,,,,,,,,,,,,,
689,real,real,,,,,,,,,,,,,,,,,,,,,,,,,,,,,,,,,,,,,,,,
690,siendo,being,,,,,,,,,,,,,,,,,,,,,,,,,,,,,,,,,,,,,,,,
691,preguntas,questioning,,,,,,,,,,,,,,,,,,,,,,,,,,,,,,,,,,,,,,,,
692,haria,would,,,,,,,,,,,,,,,,,,,,,,,,,,,,,,,,,,,,,,,,
693,haz,beam,,,,,,,,,,,,,,,,,,,,,,,,,,,,,,,,,,,,,,,,
694,tonto,fool,,,,,,,,,,,,,,,,,,,,,,,,,,,,,,,,,,,,,,,,
695,vaminos,let's,,,,,,,,,,,,,,,,,,,,,,,,,,,,,,,,,,,,,,,,
696,trato,treatment,,,,,,,,,,,,,,,,,,,,,,,,,,,,,,,,,,,,,,,,
697,bonito,nice,,,,,,,,,,,,,,,,,,,,,,,,,,,,,,,,,,,,,,,,
698,acaba,just,,,,,,,,,,,,,,,,,,,,,,,,,,,,,,,,,,,,,,,,
699,fuerza,force,,,,,,,,,,,,,,,,,,,,,,,,,,,,,,,,,,,,,,,,
700,aire,air,,,,,,,,,,,,,,,,,,,,,,,,,,,,,,,,,,,,,,,,
701,hablas,talk,,,,,,,,,,,,,,,,,,,,,,,,,,,,,,,,,,,,,,,,
702,verlo,see,,,,,,,,,,,,,,,,,,,,,,,,,,,,,,,,,,,,,,,,
703,crei,I,,,,,,,,,,,,,,,,,,,,,,,,,,,,,,,,,,,,,,,,
704,conoce,known,,,,,,,,,,,,,,,,,,,,,,,,,,,,,,,,,,,,,,,,
705,hambre,hunger,,,,,,,,,,,,,,,,,,,,,,,,,,,,,,,,,,,,,,,,
706,simplemente,simply,,,,,,,,,,,,,,,,,,,,,,,,,,,,,,,,,,,,,,,,
707,vive,lives,,,,,,,,,,,,,,,,,,,,,,,,,,,,,,,,,,,,,,,,
708,empezar,start,,,,,,,,,,,,,,,,,,,,,,,,,,,,,,,,,,,,,,,,
709,carta,letter,,,,,,,,,,,,,,,,,,,,,,,,,,,,,,,,,,,,,,,,
710,barco,boat,,,,,,,,,,,,,,,,,,,,,,,,,,,,,,,,,,,,,,,,
711,campo,field,,,,,,,,,,,,,,,,,,,,,,,,,,,,,,,,,,,,,,,,
712,lamento,lament,,,,,,,,,,,,,,,,,,,,,,,,,,,,,,,,,,,,,,,,
713,hotel,hotel,,,,,,,,,,,,,,,,,,,,,,,,,,,,,,,,,,,,,,,,
714,bano,bath,,,,,,,,,,,,,,,,,,,,,,,,,,,,,,,,,,,,,,,,
715,anda,walks,,,,,,,,,,,,,,,,,,,,,,,,,,,,,,,,,,,,,,,,
716,tuyo,yours,,,,,,,,,,,,,,,,,,,,,,,,,,,,,,,,,,,,,,,,
717,grupo,group,,,,,,,,,,,,,,,,,,,,,,,,,,,,,,,,,,,,,,,,
718,vuelto,turned,,,,,,,,,,,,,,,,,,,,,,,,,,,,,,,,,,,,,,,,
719,poner,put,,,,,,,,,,,,,,,,,,,,,,,,,,,,,,,,,,,,,,,,
720,usar,use,,,,,,,,,,,,,,,,,,,,,,,,,,,,,,,,,,,,,,,,
721,voz,voice,,,,,,,,,,,,,,,,,,,,,,,,,,,,,,,,,,,,,,,,
722,quidate,stay,,,,,,,,,,,,,,,,,,,,,,,,,,,,,,,,,,,,,,,,
723,pase,pass,,,,,,,,,,,,,,,,,,,,,,,,,,,,,,,,,,,,,,,,
724,noticias,news,,,,,,,,,,,,,,,,,,,,,,,,,,,,,,,,,,,,,,,,
725,sol,sun,,,,,,,,,,,,,,,,,,,,,,,,,,,,,,,,,,,,,,,,
726,placer,pleasure,,,,,,,,,,,,,,,,,,,,,,,,,,,,,,,,,,,,,,,,
727,pie,foot,,,,,,,,,,,,,,,,,,,,,,,,,,,,,,,,,,,,,,,,
728,decirte,tell,,,,,,,,,,,,,,,,,,,,,,,,,,,,,,,,,,,,,,,,
729,conseguir,get,,,,,,,,,,,,,,,,,,,,,,,,,,,,,,,,,,,,,,,,
730,estuve,I,,,,,,,,,,,,,,,,,,,,,,,,,,,,,,,,,,,,,,,,
731,blanco,white,,,,,,,,,,,,,,,,,,,,,,,,,,,,,,,,,,,,,,,,
732,espere,wait,,,,,,,,,,,,,,,,,,,,,,,,,,,,,,,,,,,,,,,,
733,decirle,tell,,,,,,,,,,,,,,,,,,,,,,,,,,,,,,,,,,,,,,,,
734,sientate,Sit,,,,,,,,,,,,,,,,,,,,,,,,,,,,,,,,,,,,,,,,
735,secreto,secret,,,,,,,,,,,,,,,,,,,,,,,,,,,,,,,,,,,,,,,,
736,llegado,come,,,,,,,,,,,,,,,,,,,,,,,,,,,,,,,,,,,,,,,,
737,podrimos,could,,,,,,,,,,,,,,,,,,,,,,,,,,,,,,,,,,,,,,,,
738,recuerda,remember,,,,,,,,,,,,,,,,,,,,,,,,,,,,,,,,,,,,,,,,
739,compania,company,,,,,,,,,,,,,,,,,,,,,,,,,,,,,,,,,,,,,,,,
740,hermosa,beautiful,,,,,,,,,,,,,,,,,,,,,,,,,,,,,,,,,,,,,,,,
741,tras,after,,,,,,,,,,,,,,,,,,,,,,,,,,,,,,,,,,,,,,,,
742,siente,feel,,,,,,,,,,,,,,,,,,,,,,,,,,,,,,,,,,,,,,,,
743,deberíamos,should,,,,,,,,,,,,,,,,,,,,,,,,,,,,,,,,,,,,,,,,
744,profesor,teacher,,,,,,,,,,,,,,,,,,,,,,,,,,,,,,,,,,,,,,,,
745,medico,doctor,,,,,,,,,,,,,,,,,,,,,,,,,,,,,,,,,,,,,,,,
746,vista,view,,,,,,,,,,,,,,,,,,,,,,,,,,,,,,,,,,,,,,,,
747,negocio,deal,,,,,,,,,,,,,,,,,,,,,,,,,,,,,,,,,,,,,,,,
748,tren,train,,,,,,,,,,,,,,,,,,,,,,,,,,,,,,,,,,,,,,,,
749,edad,age,,,,,,,,,,,,,,,,,,,,,,,,,,,,,,,,,,,,,,,,
750,llega,came,,,,,,,,,,,,,,,,,,,,,,,,,,,,,,,,,,,,,,,,
751,loca,crazy,,,,,,,,,,,,,,,,,,,,,,,,,,,,,,,,,,,,,,,,
752,silencio,silence,,,,,,,,,,,,,,,,,,,,,,,,,,,,,,,,,,,,,,,,
753,gustan,like,,,,,,,,,,,,,,,,,,,,,,,,,,,,,,,,,,,,,,,,
754,futuro,future,,,,,,,,,,,,,,,,,,,,,,,,,,,,,,,,,,,,,,,,
755,pagar,pay,,,,,,,,,,,,,,,,,,,,,,,,,,,,,,,,,,,,,,,,
756,novia,bride,,,,,,,,,,,,,,,,,,,,,,,,,,,,,,,,,,,,,,,,
757,raro,rare,,,,,,,,,,,,,,,,,,,,,,,,,,,,,,,,,,,,,,,,
758,prisa,hurry,,,,,,,,,,,,,,,,,,,,,,,,,,,,,,,,,,,,,,,,
759,sal,salt,,,,,,,,,,,,,,,,,,,,,,,,,,,,,,,,,,,,,,,,
760,viste,Dresses,,,,,,,,,,,,,,,,,,,,,,,,,,,,,,,,,,,,,,,,
761,control,control,,,,,,,,,,,,,,,,,,,,,,,,,,,,,,,,,,,,,,,,
762,cambiar,change,,,,,,,,,,,,,,,,,,,,,,,,,,,,,,,,,,,,,,,,
763,quiera,want,,,,,,,,,,,,,,,,,,,,,,,,,,,,,,,,,,,,,,,,
764,imposible,impossible,,,,,,,,,,,,,,,,,,,,,,,,,,,,,,,,,,,,,,,,
765,dan,give,,,,,,,,,,,,,,,,,,,,,,,,,,,,,,,,,,,,,,,,
766,dejo,left,,,,,,,,,,,,,,,,,,,,,,,,,,,,,,,,,,,,,,,,
767,amiga,female,,,,,,,,,,,,,,,,,,,,,,,,,,,,,,,,,,,,,,,,
768,enseguida,immediately,,,,,,,,,,,,,,,,,,,,,,,,,,,,,,,,,,,,,,,,
769,haremos,will,,,,,,,,,,,,,,,,,,,,,,,,,,,,,,,,,,,,,,,,
770,llamada,call,,,,,,,,,,,,,,,,,,,,,,,,,,,,,,,,,,,,,,,,
771,error,error,,,,,,,,,,,,,,,,,,,,,,,,,,,,,,,,,,,,,,,,
772,maldicion,curse,,,,,,,,,,,,,,,,,,,,,,,,,,,,,,,,,,,,,,,,
773,llevo,took,,,,,,,,,,,,,,,,,,,,,,,,,,,,,,,,,,,,,,,,
774,diferente,different,,,,,,,,,,,,,,,,,,,,,,,,,,,,,,,,,,,,,,,,
775,mes,month,,,,,,,,,,,,,,,,,,,,,,,,,,,,,,,,,,,,,,,,
776,ejercito,army,,,,,,,,,,,,,,,,,,,,,,,,,,,,,,,,,,,,,,,,
777,ganar,win,,,,,,,,,,,,,,,,,,,,,,,,,,,,,,,,,,,,,,,,
778,ley,law,,,,,,,,,,,,,,,,,,,,,,,,,,,,,,,,,,,,,,,,
779,acabo,ended,,,,,,,,,,,,,,,,,,,,,,,,,,,,,,,,,,,,,,,,
780,pelo,hair,,,,,,,,,,,,,,,,,,,,,,,,,,,,,,,,,,,,,,,,
781,siguiente,following,,,,,,,,,,,,,,,,,,,,,,,,,,,,,,,,,,,,,,,,
782,maestro,teacher,,,,,,,,,,,,,,,,,,,,,,,,,,,,,,,,,,,,,,,,
783,propia,own,,,,,,,,,,,,,,,,,,,,,,,,,,,,,,,,,,,,,,,,
784,vio,saw,,,,,,,,,,,,,,,,,,,,,,,,,,,,,,,,,,,,,,,,
785,tendra,will,,,,,,,,,,,,,,,,,,,,,,,,,,,,,,,,,,,,,,,,
786,oro,gold,,,,,,,,,,,,,,,,,,,,,,,,,,,,,,,,,,,,,,,,
787,oficial,official,,,,,,,,,,,,,,,,,,,,,,,,,,,,,,,,,,,,,,,,
788,encanta,love,,,,,,,,,,,,,,,,,,,,,,,,,,,,,,,,,,,,,,,,
789,sientes,feel,,,,,,,,,,,,,,,,,,,,,,,,,,,,,,,,,,,,,,,,
790,dolor,pain,,,,,,,,,,,,,,,,,,,,,,,,,,,,,,,,,,,,,,,,
791,suena,sounds,,,,,,,,,,,,,,,,,,,,,,,,,,,,,,,,,,,,,,,,
792,situacion,situation,,,,,,,,,,,,,,,,,,,,,,,,,,,,,,,,,,,,,,,,
793,estupido,stupid,,,,,,,,,,,,,,,,,,,,,,,,,,,,,,,,,,,,,,,,
794,permiso,permission,,,,,,,,,,,,,,,,,,,,,,,,,,,,,,,,,,,,,,,,
795,avion,plane,,,,,,,,,,,,,,,,,,,,,,,,,,,,,,,,,,,,,,,,
796,mitad,half,,,,,,,,,,,,,,,,,,,,,,,,,,,,,,,,,,,,,,,,
797,comprar,buy,,,,,,,,,,,,,,,,,,,,,,,,,,,,,,,,,,,,,,,,
798,muertos,dead,,,,,,,,,,,,,,,,,,,,,,,,,,,,,,,,,,,,,,,,
799,acabo,just,,,,,,,,,,,,,,,,,,,,,,,,,,,,,,,,,,,,,,,,
800,mente,mind,,,,,,,,,,,,,,,,,,,,,,,,,,,,,,,,,,,,,,,,
801,proxima,next,,,,,,,,,,,,,,,,,,,,,,,,,,,,,,,,,,,,,,,,
802,mejores,top,,,,,,,,,,,,,,,,,,,,,,,,,,,,,,,,,,,,,,,,
803,entendido,understood,,,,,,,,,,,,,,,,,,,,,,,,,,,,,,,,,,,,,,,,
804,decia,said,,,,,,,,,,,,,,,,,,,,,,,,,,,,,,,,,,,,,,,,
805,dano,damage,,,,,,,,,,,,,,,,,,,,,,,,,,,,,,,,,,,,,,,,
806,mensaje,message,,,,,,,,,,,,,,,,,,,,,,,,,,,,,,,,,,,,,,,,
807,siete,seven,,,,,,,,,,,,,,,,,,,,,,,,,,,,,,,,,,,,,,,,
808,deseo,desire,,,,,,,,,,,,,,,,,,,,,,,,,,,,,,,,,,,,,,,,
809,asesino,murderer,,,,,,,,,,,,,,,,,,,,,,,,,,,,,,,,,,,,,,,,
810,darle,give,,,,,,,,,,,,,,,,,,,,,,,,,,,,,,,,,,,,,,,,
811,maravilloso,wonderful,,,,,,,,,,,,,,,,,,,,,,,,,,,,,,,,,,,,,,,,
812,trabajando,working,,,,,,,,,,,,,,,,,,,,,,,,,,,,,,,,,,,,,,,,
813,mesa,table,,,,,,,,,,,,,,,,,,,,,,,,,,,,,,,,,,,,,,,,
814,hacia,was,,,,,,,,,,,,,,,,,,,,,,,,,,,,,,,,,,,,,,,,
815,diez,ten,,,,,,,,,,,,,,,,,,,,,,,,,,,,,,,,,,,,,,,,
816,traje,suit,,,,,,,,,,,,,,,,,,,,,,,,,,,,,,,,,,,,,,,,
817,caballo,horse,,,,,,,,,,,,,,,,,,,,,,,,,,,,,,,,,,,,,,,,
818,coronel,colonel,,,,,,,,,,,,,,,,,,,,,,,,,,,,,,,,,,,,,,,,
819,sexo,sex,,,,,,,,,,,,,,,,,,,,,,,,,,,,,,,,,,,,,,,,
820,entra,enters,,,,,,,,,,,,,,,,,,,,,,,,,,,,,,,,,,,,,,,,
821,divertido,funny,,,,,,,,,,,,,,,,,,,,,,,,,,,,,,,,,,,,,,,,
822,pensaba,thought,,,,,,,,,,,,,,,,,,,,,,,,,,,,,,,,,,,,,,,,
823,ellas,they,,,,,,,,,,,,,,,,,,,,,,,,,,,,,,,,,,,,,,,,
824,informacion,information,,,,,,,,,,,,,,,,,,,,,,,,,,,,,,,,,,,,,,,,
825,amable,friendly,,,,,,,,,,,,,,,,,,,,,,,,,,,,,,,,,,,,,,,,
826,encontra,found,,,,,,,,,,,,,,,,,,,,,,,,,,,,,,,,,,,,,,,,
827,adentro,in,,,,,,,,,,,,,,,,,,,,,,,,,,,,,,,,,,,,,,,,
828,dale,dale,,,,,,,,,,,,,,,,,,,,,,,,,,,,,,,,,,,,,,,,
829,propio,own,,,,,,,,,,,,,,,,,,,,,,,,,,,,,,,,,,,,,,,,
830,eras,were,,,,,,,,,,,,,,,,,,,,,,,,,,,,,,,,,,,,,,,,
831,cena,dinner,,,,,,,,,,,,,,,,,,,,,,,,,,,,,,,,,,,,,,,,
832,tendras,have,,,,,,,,,,,,,,,,,,,,,,,,,,,,,,,,,,,,,,,,
833,alma,soul,,,,,,,,,,,,,,,,,,,,,,,,,,,,,,,,,,,,,,,,
834,das,das,,,,,,,,,,,,,,,,,,,,,,,,,,,,,,,,,,,,,,,,
835,abre,open,,,,,,,,,,,,,,,,,,,,,,,,,,,,,,,,,,,,,,,,
836,temo,fear,,,,,,,,,,,,,,,,,,,,,,,,,,,,,,,,,,,,,,,,
837,gobierno,government,,,,,,,,,,,,,,,,,,,,,,,,,,,,,,,,,,,,,,,,
838,fuiste,were,,,,,,,,,,,,,,,,,,,,,,,,,,,,,,,,,,,,,,,,
839,culo,ass,,,,,,,,,,,,,,,,,,,,,,,,,,,,,,,,,,,,,,,,
840,cancion,song,,,,,,,,,,,,,,,,,,,,,,,,,,,,,,,,,,,,,,,,
841,dijeron,said,,,,,,,,,,,,,,,,,,,,,,,,,,,,,,,,,,,,,,,,
842,media,average,,,,,,,,,,,,,,,,,,,,,,,,,,,,,,,,,,,,,,,,
843,derecha,right,,,,,,,,,,,,,,,,,,,,,,,,,,,,,,,,,,,,,,,,
844,funciona,works,,,,,,,,,,,,,,,,,,,,,,,,,,,,,,,,,,,,,,,,
845,centro,center,,,,,,,,,,,,,,,,,,,,,,,,,,,,,,,,,,,,,,,,
846,dare,give,,,,,,,,,,,,,,,,,,,,,,,,,,,,,,,,,,,,,,,,
847,miren,look,,,,,,,,,,,,,,,,,,,,,,,,,,,,,,,,,,,,,,,,
848,estaría,would,,,,,,,,,,,,,,,,,,,,,,,,,,,,,,,,,,,,,,,,
849,encontrado,found,,,,,,,,,,,,,,,,,,,,,,,,,,,,,,,,,,,,,,,,
850,foto,photo,,,,,,,,,,,,,,,,,,,,,,,,,,,,,,,,,,,,,,,,
851,vayas,go,,,,,,,,,,,,,,,,,,,,,,,,,,,,,,,,,,,,,,,,
852,frio,cold,,,,,,,,,,,,,,,,,,,,,,,,,,,,,,,,,,,,,,,,
853,teniente,lieutenant,,,,,,,,,,,,,,,,,,,,,,,,,,,,,,,,,,,,,,,,
854,izquierda,left,,,,,,,,,,,,,,,,,,,,,,,,,,,,,,,,,,,,,,,,
855,san,saint,,,,,,,,,,,,,,,,,,,,,,,,,,,,,,,,,,,,,,,,
856,accidente,accident,,,,,,,,,,,,,,,,,,,,,,,,,,,,,,,,,,,,,,,,
857,vine,came,,,,,,,,,,,,,,,,,,,,,,,,,,,,,,,,,,,,,,,,
858,estabamos,were,,,,,,,,,,,,,,,,,,,,,,,,,,,,,,,,,,,,,,,,
859,servicio,service,,,,,,,,,,,,,,,,,,,,,,,,,,,,,,,,,,,,,,,,
860,terrible,terrible,,,,,,,,,,,,,,,,,,,,,,,,,,,,,,,,,,,,,,,,
861,abogado,lawyer,,,,,,,,,,,,,,,,,,,,,,,,,,,,,,,,,,,,,,,,
862,pude,could,,,,,,,,,,,,,,,,,,,,,,,,,,,,,,,,,,,,,,,,
863,perra,bitch,,,,,,,,,,,,,,,,,,,,,,,,,,,,,,,,,,,,,,,,
864,doy,give,,,,,,,,,,,,,,,,,,,,,,,,,,,,,,,,,,,,,,,,
865,ante,before,,,,,,,,,,,,,,,,,,,,,,,,,,,,,,,,,,,,,,,,
866,navidad,Christmas,,,,,,,,,,,,,,,,,,,,,,,,,,,,,,,,,,,,,,,,
867,llamas,flames,,,,,,,,,,,,,,,,,,,,,,,,,,,,,,,,,,,,,,,,
868,necesario,necessary,,,,,,,,,,,,,,,,,,,,,,,,,,,,,,,,,,,,,,,,
869,bonita,nice,,,,,,,,,,,,,,,,,,,,,,,,,,,,,,,,,,,,,,,,
870,junto,together,,,,,,,,,,,,,,,,,,,,,,,,,,,,,,,,,,,,,,,,
871,linea,line,,,,,,,,,,,,,,,,,,,,,,,,,,,,,,,,,,,,,,,,
872,sale,out,,,,,,,,,,,,,,,,,,,,,,,,,,,,,,,,,,,,,,,,
873,normal,normal,,,,,,,,,,,,,,,,,,,,,,,,,,,,,,,,,,,,,,,,
874,direccion,address,,,,,,,,,,,,,,,,,,,,,,,,,,,,,,,,,,,,,,,,
875,regresar,return,,,,,,,,,,,,,,,,,,,,,,,,,,,,,,,,,,,,,,,,
876,tienda,shop,,,,,,,,,,,,,,,,,,,,,,,,,,,,,,,,,,,,,,,,
877,ocho,eight,,,,,,,,,,,,,,,,,,,,,,,,,,,,,,,,,,,,,,,,
878,pies,feet,,,,,,,,,,,,,,,,,,,,,,,,,,,,,,,,,,,,,,,,
879,hablo,Spoken,,,,,,,,,,,,,,,,,,,,,,,,,,,,,,,,,,,,,,,,
880,tendre,I,,,,,,,,,,,,,,,,,,,,,,,,,,,,,,,,,,,,,,,,
881,mato,killed,,,,,,,,,,,,,,,,,,,,,,,,,,,,,,,,,,,,,,,,
882,papel,paper,,,,,,,,,,,,,,,,,,,,,,,,,,,,,,,,,,,,,,,,
883,honor,honor,,,,,,,,,,,,,,,,,,,,,,,,,,,,,,,,,,,,,,,,
884,juro,swear,,,,,,,,,,,,,,,,,,,,,,,,,,,,,,,,,,,,,,,,
885,caja,box,,,,,,,,,,,,,,,,,,,,,,,,,,,,,,,,,,,,,,,,
886,alrededor,around,,,,,,,,,,,,,,,,,,,,,,,,,,,,,,,,,,,,,,,,
887,libertad,freedom,,,,,,,,,,,,,,,,,,,,,,,,,,,,,,,,,,,,,,,,
888,dulce,sweet,,,,,,,,,,,,,,,,,,,,,,,,,,,,,,,,,,,,,,,,
889,vosotros,you,,,,,,,,,,,,,,,,,,,,,,,,,,,,,,,,,,,,,,,,
890,trae,brings,,,,,,,,,,,,,,,,,,,,,,,,,,,,,,,,,,,,,,,,
891,tratando,trying,,,,,,,,,,,,,,,,,,,,,,,,,,,,,,,,,,,,,,,,
892,hermoso,beautiful,,,,,,,,,,,,,,,,,,,,,,,,,,,,,,,,,,,,,,,,
893,lindo,cute,,,,,,,,,,,,,,,,,,,,,,,,,,,,,,,,,,,,,,,,
894,esa,that,,,,,,,,,,,,,,,,,,,,,,,,,,,,,,,,,,,,,,,,
895,gracioso,funny,,,,,,,,,,,,,,,,,,,,,,,,,,,,,,,,,,,,,,,,
896,abuela,grandmother,,,,,,,,,,,,,,,,,,,,,,,,,,,,,,,,,,,,,,,,
897,asi,so,,,,,,,,,,,,,,,,,,,,,,,,,,,,,,,,,,,,,,,,
898,sentir,feel,,,,,,,,,,,,,,,,,,,,,,,,,,,,,,,,,,,,,,,,
899,personal,personal,,,,,,,,,,,,,,,,,,,,,,,,,,,,,,,,,,,,,,,,
900,tipos,type,,,,,,,,,,,,,,,,,,,,,,,,,,,,,,,,,,,,,,,,
901,vienen,come,,,,,,,,,,,,,,,,,,,,,,,,,,,,,,,,,,,,,,,,
902,interesante,interesting,,,,,,,,,,,,,,,,,,,,,,,,,,,,,,,,,,,,,,,,
903,vieja,old,,,,,,,,,,,,,,,,,,,,,,,,,,,,,,,,,,,,,,,,
904,dejado,left,,,,,,,,,,,,,,,,,,,,,,,,,,,,,,,,,,,,,,,,
905,sean,are,,,,,,,,,,,,,,,,,,,,,,,,,,,,,,,,,,,,,,,,
906,llega,arrives,,,,,,,,,,,,,,,,,,,,,,,,,,,,,,,,,,,,,,,,
907,esposo,husband,,,,,,,,,,,,,,,,,,,,,,,,,,,,,,,,,,,,,,,,
908,respuesta,reply,,,,,,,,,,,,,,,,,,,,,,,,,,,,,,,,,,,,,,,,
909,luna,moon,,,,,,,,,,,,,,,,,,,,,,,,,,,,,,,,,,,,,,,,
910,cualquiera,any,,,,,,,,,,,,,,,,,,,,,,,,,,,,,,,,,,,,,,,,
911,linda,cute,,,,,,,,,,,,,,,,,,,,,,,,,,,,,,,,,,,,,,,,
912,camara,camera,,,,,,,,,,,,,,,,,,,,,,,,,,,,,,,,,,,,,,,,
913,horrible,horrible,,,,,,,,,,,,,,,,,,,,,,,,,,,,,,,,,,,,,,,,
914,principio,principle,,,,,,,,,,,,,,,,,,,,,,,,,,,,,,,,,,,,,,,,
915,tengas,have,,,,,,,,,,,,,,,,,,,,,,,,,,,,,,,,,,,,,,,,
916,terminado,finished,,,,,,,,,,,,,,,,,,,,,,,,,,,,,,,,,,,,,,,,
917,hubo,there,,,,,,,,,,,,,,,,,,,,,,,,,,,,,,,,,,,,,,,,
918,hicieron,made,,,,,,,,,,,,,,,,,,,,,,,,,,,,,,,,,,,,,,,,
919,carcel,jail,,,,,,,,,,,,,,,,,,,,,,,,,,,,,,,,,,,,,,,,
920,oir,hear,,,,,,,,,,,,,,,,,,,,,,,,,,,,,,,,,,,,,,,,
921,agente,agent,,,,,,,,,,,,,,,,,,,,,,,,,,,,,,,,,,,,,,,,
922,listos,ready,,,,,,,,,,,,,,,,,,,,,,,,,,,,,,,,,,,,,,,,
923,tenias,had,,,,,,,,,,,,,,,,,,,,,,,,,,,,,,,,,,,,,,,,
924,tendremos,we,,,,,,,,,,,,,,,,,,,,,,,,,,,,,,,,,,,,,,,,
925,busca,search,,,,,,,,,,,,,,,,,,,,,,,,,,,,,,,,,,,,,,,,
926,cita,quote,,,,,,,,,,,,,,,,,,,,,,,,,,,,,,,,,,,,,,,,
927,baja,drop,,,,,,,,,,,,,,,,,,,,,,,,,,,,,,,,,,,,,,,,
928,partes,parts,,,,,,,,,,,,,,,,,,,,,,,,,,,,,,,,,,,,,,,,
929,hazlo,do,,,,,,,,,,,,,,,,,,,,,,,,,,,,,,,,,,,,,,,,
930,tia,aunt,,,,,,,,,,,,,,,,,,,,,,,,,,,,,,,,,,,,,,,,
931,pudo,could,,,,,,,,,,,,,,,,,,,,,,,,,,,,,,,,,,,,,,,,
932,rio,river,,,,,,,,,,,,,,,,,,,,,,,,,,,,,,,,,,,,,,,,
933,piso,floor,,,,,,,,,,,,,,,,,,,,,,,,,,,,,,,,,,,,,,,,
934,negocios,business,,,,,,,,,,,,,,,,,,,,,,,,,,,,,,,,,,,,,,,,
935,sistema,system,,,,,,,,,,,,,,,,,,,,,,,,,,,,,,,,,,,,,,,,
936,regalo,gift,,,,,,,,,,,,,,,,,,,,,,,,,,,,,,,,,,,,,,,,
937,salvo,except,,,,,,,,,,,,,,,,,,,,,,,,,,,,,,,,,,,,,,,,
938,sargento,sergeant,,,,,,,,,,,,,,,,,,,,,,,,,,,,,,,,,,,,,,,,
939,salud,health,,,,,,,,,,,,,,,,,,,,,,,,,,,,,,,,,,,,,,,,
940,completamente,completely,,,,,,,,,,,,,,,,,,,,,,,,,,,,,,,,,,,,,,,,
941,totalmente,completely,,,,,,,,,,,,,,,,,,,,,,,,,,,,,,,,,,,,,,,,
942,carne,meat,,,,,,,,,,,,,,,,,,,,,,,,,,,,,,,,,,,,,,,,
943,infierno,hell,,,,,,,,,,,,,,,,,,,,,,,,,,,,,,,,,,,,,,,,
944,decirme,me,,,,,,,,,,,,,,,,,,,,,,,,,,,,,,,,,,,,,,,,
945,tuya,yours,,,,,,,,,,,,,,,,,,,,,,,,,,,,,,,,,,,,,,,,
946,carrera,career,,,,,,,,,,,,,,,,,,,,,,,,,,,,,,,,,,,,,,,,
947,ambos,both,,,,,,,,,,,,,,,,,,,,,,,,,,,,,,,,,,,,,,,,
948,cielos,heavens,,,,,,,,,,,,,,,,,,,,,,,,,,,,,,,,,,,,,,,,
949,deje,leave,,,,,,,,,,,,,,,,,,,,,,,,,,,,,,,,,,,,,,,,
950,beber,drink,,,,,,,,,,,,,,,,,,,,,,,,,,,,,,,,,,,,,,,,
951,cumpleanos,birthday,,,,,,,,,,,,,,,,,,,,,,,,,,,,,,,,,,,,,,,,
952,veras,see,,,,,,,,,,,,,,,,,,,,,,,,,,,,,,,,,,,,,,,,
953,calma,calm,,,,,,,,,,,,,,,,,,,,,,,,,,,,,,,,,,,,,,,,
954,cuantos,many,,,,,,,,,,,,,,,,,,,,,,,,,,,,,,,,,,,,,,,,
955,basura,trash,,,,,,,,,,,,,,,,,,,,,,,,,,,,,,,,,,,,,,,,
956,abuelo,grandfather,,,,,,,,,,,,,,,,,,,,,,,,,,,,,,,,,,,,,,,,
957,universidad,university,,,,,,,,,,,,,,,,,,,,,,,,,,,,,,,,,,,,,,,,
958,traves,through,,,,,,,,,,,,,,,,,,,,,,,,,,,,,,,,,,,,,,,,
959,suelo,soil,,,,,,,,,,,,,,,,,,,,,,,,,,,,,,,,,,,,,,,,
960,nena,baby,,,,,,,,,,,,,,,,,,,,,,,,,,,,,,,,,,,,,,,,
961,programa,program,,,,,,,,,,,,,,,,,,,,,,,,,,,,,,,,,,,,,,,,
962,vestido,dress,,,,,,,,,,,,,,,,,,,,,,,,,,,,,,,,,,,,,,,,
963,verdadero,TRUE,,,,,,,,,,,,,,,,,,,,,,,,,,,,,,,,,,,,,,,,
964,triste,sad,,,,,,,,,,,,,,,,,,,,,,,,,,,,,,,,,,,,,,,,
965,salio,out,,,,,,,,,,,,,,,,,,,,,,,,,,,,,,,,,,,,,,,,
966,director,director,,,,,,,,,,,,,,,,,,,,,,,,,,,,,,,,,,,,,,,,
967,santo,holy,,,,,,,,,,,,,,,,,,,,,,,,,,,,,,,,,,,,,,,,
968,iremos,go,,,,,,,,,,,,,,,,,,,,,,,,,,,,,,,,,,,,,,,,
969,prometo,promise,,,,,,,,,,,,,,,,,,,,,,,,,,,,,,,,,,,,,,,,
970,bailar,dance,,,,,,,,,,,,,,,,,,,,,,,,,,,,,,,,,,,,,,,,
971,novio,groom,,,,,,,,,,,,,,,,,,,,,,,,,,,,,,,,,,,,,,,,
972,corre,runs,,,,,,,,,,,,,,,,,,,,,,,,,,,,,,,,,,,,,,,,
973,banco,bank,,,,,,,,,,,,,,,,,,,,,,,,,,,,,,,,,,,,,,,,
